feature,feature_class,n,spearman_rho,spearman_p,abs_rho,in_primary_517
exponential_firstorder_TotalEnergy,firstorder,630,0.999836962171841,0.0,0.999836962171841,False
exponential_firstorder_Energy,firstorder,630,0.999836962171841,0.0,0.999836962171841,False
wavelet-HHH_firstorder_Energy,firstorder,630,0.9998147182882942,0.0,0.9998147182882942,False
wavelet-HHH_firstorder_TotalEnergy,firstorder,630,0.9998147182882942,0.0,0.9998147182882942,False
lbp-3D-k_firstorder_Energy,firstorder,630,0.9997999610192743,0.0,0.9997999610192743,False
lbp-3D-k_firstorder_TotalEnergy,firstorder,630,0.9997999610192743,0.0,0.9997999610192743,False
wavelet-HHL_firstorder_TotalEnergy,firstorder,630,0.9997935542049194,0.0,0.9997935542049194,False
wavelet-HHL_firstorder_Energy,firstorder,630,0.9997935542049194,0.0,0.9997935542049194,False
lbp-3D-m1_firstorder_TotalEnergy,firstorder,630,0.9997806925850907,0.0,0.9997806925850907,False
lbp-3D-m1_firstorder_Energy,firstorder,630,0.9997806925850907,0.0,0.9997806925850907,False
lbp-3D-m2_firstorder_TotalEnergy,firstorder,630,0.9997763013977239,0.0,0.9997763013977239,False
lbp-3D-m2_firstorder_Energy,firstorder,630,0.9997763013977239,0.0,0.9997763013977239,False
wavelet-HLH_firstorder_TotalEnergy,firstorder,630,0.9997556652166556,0.0,0.9997556652166556,False
wavelet-HLH_firstorder_Energy,firstorder,630,0.9997556652166556,0.0,0.9997556652166556,False
wavelet-HLL_firstorder_TotalEnergy,firstorder,630,0.9994009868534334,0.0,0.9994009868534334,False
wavelet-HLL_firstorder_Energy,firstorder,630,0.9994009868534334,0.0,0.9994009868534334,False
wavelet-LHH_firstorder_Energy,firstorder,630,0.9989657074062478,0.0,0.9989657074062478,False
wavelet-LHH_firstorder_TotalEnergy,firstorder,630,0.9989657074062478,0.0,0.9989657074062478,False
wavelet-LLH_glrlm_RunLengthNonUniformity,glrlm,630,0.9987022841553547,0.0,0.9987022841553547,False
gradient_firstorder_Energy,firstorder,630,0.9984571695162698,0.0,0.9984571695162698,False
gradient_firstorder_TotalEnergy,firstorder,630,0.9984571695162698,0.0,0.9984571695162698,False
wavelet-LLL_glrlm_RunLengthNonUniformity,glrlm,630,0.998377048343494,0.0,0.998377048343494,False
square_firstorder_Energy,firstorder,630,0.9977107156550212,0.0,0.9977107156550212,False
square_firstorder_TotalEnergy,firstorder,630,0.9977107156550212,0.0,0.9977107156550212,False
wavelet-LHL_firstorder_TotalEnergy,firstorder,630,0.9958698723214886,0.0,0.9958698723214886,False
wavelet-LHL_firstorder_Energy,firstorder,630,0.9958698723214886,0.0,0.9958698723214886,False
wavelet-LHL_glrlm_RunLengthNonUniformity,glrlm,630,0.9940260055474736,0.0,0.9940260055474736,False
wavelet-LHH_glrlm_RunLengthNonUniformity,glrlm,630,0.9937161268936172,0.0,0.9937161268936172,False
original_glrlm_RunLengthNonUniformity,glrlm,630,0.9915024885495292,0.0,0.9915024885495292,False
wavelet-LLH_firstorder_Energy,firstorder,630,0.9905020176966649,0.0,0.9905020176966649,False
wavelet-LLH_firstorder_TotalEnergy,firstorder,630,0.9905020176966649,0.0,0.9905020176966649,False
squareroot_glrlm_RunLengthNonUniformity,glrlm,630,0.989066675321125,0.0,0.989066675321125,False
log-sigma-3-0-mm-3D_firstorder_TotalEnergy,firstorder,630,0.9824006369381877,0.0,0.9824006369381877,False
log-sigma-3-0-mm-3D_firstorder_Energy,firstorder,630,0.9824006369381877,0.0,0.9824006369381877,False
wavelet-HLL_glrlm_RunLengthNonUniformity,glrlm,630,0.9822347556361815,0.0,0.9822347556361815,False
log-sigma-4-0-mm-3D_firstorder_TotalEnergy,firstorder,630,0.97904545784763,0.0,0.97904545784763,False
log-sigma-4-0-mm-3D_firstorder_Energy,firstorder,630,0.97904545784763,0.0,0.97904545784763,False
log-sigma-5-0-mm-3D_firstorder_TotalEnergy,firstorder,630,0.9789711196046653,0.0,0.9789711196046653,True
log-sigma-5-0-mm-3D_firstorder_Energy,firstorder,630,0.9789711196046653,0.0,0.9789711196046653,False
wavelet-HLH_glrlm_RunLengthNonUniformity,glrlm,630,0.9775908950290251,0.0,0.9775908950290251,False
logarithm_glrlm_RunLengthNonUniformity,glrlm,630,0.9683297129033887,0.0,0.9683297129033887,False
lbp-3D-m2_glrlm_RunLengthNonUniformity,glrlm,630,0.9652670636772545,0.0,0.9652670636772545,False
lbp-3D-m1_glrlm_RunLengthNonUniformity,glrlm,630,0.9643296771500051,0.0,0.9643296771500051,False
wavelet-LLH_glcm_JointEntropy,glcm,630,0.9630712780293462,0.0,0.9630712780293462,False
exponential_gldm_GrayLevelNonUniformity,gldm,630,0.9622191516645962,0.0,0.9622191516645962,False
wavelet-HHL_glrlm_RunLengthNonUniformity,glrlm,630,0.9597832145183793,0.0,0.9597832145183793,False
lbp-3D-m2_glrlm_GrayLevelNonUniformity,glrlm,630,0.9559050522110958,0.0,0.9559050522110958,False
wavelet-HHH_glrlm_RunLengthNonUniformity,glrlm,630,0.9524144181878278,0.0,0.9524144181878278,False
log-sigma-5-0-mm-3D_glrlm_RunLengthNonUniformity,glrlm,630,0.9523124610560146,0.0,0.9523124610560146,False
log-sigma-3-0-mm-3D_glrlm_RunLengthNonUniformity,glrlm,630,0.9483764934461802,0.0,0.9483764934461802,False
wavelet-LLL_glcm_JointEntropy,glcm,630,0.9471587667986735,0.0,0.9471587667986735,True
wavelet-LLH_glcm_JointEnergy,glcm,630,-0.9464668548438999,1.37312579949663e-310,0.9464668548438999,False
log-sigma-4-0-mm-3D_glrlm_RunLengthNonUniformity,glrlm,630,0.9455502244755158,2.449755591665105e-308,0.9455502244755158,False
lbp-3D-m2_gldm_GrayLevelNonUniformity,gldm,630,0.9428301598506752,7.034570333580004e-302,0.9428301598506752,False
lbp-3D-m1_glrlm_GrayLevelNonUniformity,glrlm,630,0.9408413359024348,2.3540545941156236e-297,0.9408413359024348,False
gradient_glrlm_RunLengthNonUniformity,glrlm,630,0.9261150451498007,4.495874356281098e-268,0.9261150451498007,False
wavelet-LLL_glcm_JointEnergy,glcm,630,-0.9223693863214233,1.3579944726292775e-261,0.9223693863214233,False
original_firstorder_Energy,firstorder,630,0.9122082987322918,1.5452358442852032e-245,0.9122082987322918,False
original_firstorder_TotalEnergy,firstorder,630,0.9122082987322918,1.5452358442852032e-245,0.9122082987322918,True
wavelet-HLH_glszm_GrayLevelNonUniformity,glszm,630,0.9090251503472234,6.610397950090296e-241,0.9090251503472234,True
lbp-3D-m1_gldm_GrayLevelNonUniformity,gldm,630,0.9031701073399903,8.124533876610242e-233,0.9031701073399903,False
lbp-3D-m2_gldm_DependenceNonUniformity,gldm,630,0.8990767048650521,1.838572593854559e-227,0.8990767048650521,False
lbp-3D-k_glrlm_GrayLevelNonUniformity,glrlm,630,0.8903108870672932,9.904855566357003e-217,0.8903108870672932,False
wavelet-LLH_glszm_SizeZoneNonUniformity,glszm,630,0.8836844173617765,3.304876727007342e-209,0.8836844173617765,True
lbp-3D-m1_gldm_DependenceNonUniformity,gldm,630,0.8827932222863372,3.1326660168092355e-208,0.8827932222863372,True
wavelet-LLH_gldm_DependenceNonUniformity,gldm,630,0.8708137512072543,7.982717893061618e-196,0.8708137512072543,False
wavelet-LHL_gldm_SmallDependenceLowGrayLevelEmphasis,gldm,630,-0.8694972108462135,1.5470564612096224e-194,0.8694972108462135,True
lbp-3D-k_gldm_GrayLevelNonUniformity,gldm,630,0.8624356623548258,7.297693475852706e-188,0.8624356623548258,False
wavelet-HHH_glszm_GrayLevelNonUniformity,glszm,630,0.8597991727410158,1.820405804442553e-185,0.8597991727410158,True
wavelet-LHL_glszm_GrayLevelNonUniformity,glszm,630,0.8545498832532522,7.760863414423658e-181,0.8545498832532522,False
wavelet-LLL_glszm_SizeZoneNonUniformity,glszm,630,0.8485758287400912,8.750370605998948e-176,0.8485758287400912,False
lbp-3D-m1_glszm_LargeAreaLowGrayLevelEmphasis,glszm,630,0.8424591585081775,7.822410964737436e-171,0.8424591585081775,True
wavelet-HLL_glszm_GrayLevelNonUniformity,glszm,630,0.8400553097677278,6.048027110778493e-169,0.8400553097677278,True
wavelet-HHL_glrlm_GrayLevelNonUniformity,glrlm,630,0.8398506252433433,8.728725355789789e-169,0.8398506252433433,False
wavelet-LLL_gldm_DependenceNonUniformity,gldm,630,0.8378550345473575,3.0391257640158215e-167,0.8378550345473575,False
wavelet-HLH_glrlm_GrayLevelNonUniformity,glrlm,630,0.8342814478753068,1.5560545547038076e-164,0.8342814478753068,False
wavelet-HLL_glrlm_GrayLevelNonUniformity,glrlm,630,0.8315058095349379,1.7868568111211305e-162,0.8315058095349379,False
wavelet-LHH_glszm_GrayLevelNonUniformity,glszm,630,0.831340456135238,2.363874087292431e-162,0.831340456135238,True
lbp-3D-m2_glszm_ZoneVariance,glszm,630,0.8301776313275968,1.677185356374561e-161,0.8301776313275968,False
wavelet-LLH_glszm_GrayLevelNonUniformity,glszm,630,0.8245339132260875,1.8391869235728624e-157,0.8245339132260875,False
wavelet-LHL_glrlm_ShortRunLowGrayLevelEmphasis,glrlm,630,-0.8232343482515625,1.4942172340459956e-156,0.8232343482515625,False
lbp-3D-k_glszm_ZoneVariance,glszm,630,0.8218085197642789,1.458950532866291e-155,0.8218085197642789,True
wavelet-LHL_glrlm_LowGrayLevelRunEmphasis,glrlm,630,-0.8198902791049986,3.030795816108068e-154,0.8198902791049986,False
wavelet-LHL_gldm_LowGrayLevelEmphasis,gldm,630,-0.8196561304365511,4.3782661985728195e-154,0.8196561304365511,False
wavelet-HHL_glszm_GrayLevelNonUniformity,glszm,630,0.8194621428377814,5.9357055870607715e-154,0.8194621428377814,True
lbp-3D-m1_glszm_ZoneVariance,glszm,630,0.8194036011696172,6.506201232645082e-154,0.8194036011696172,False
original_shape_SurfaceArea,shape,630,0.8156206052508417,2.2830958193996507e-151,0.8156206052508417,True
wavelet-HLH_gldm_GrayLevelNonUniformity,gldm,630,0.8136283499376098,4.736394976924999e-150,0.8136283499376098,False
wavelet-HLL_gldm_GrayLevelNonUniformity,gldm,630,0.813533015580186,5.47102339089832e-150,0.813533015580186,True
exponential_glrlm_GrayLevelNonUniformity,glrlm,630,0.8127003653677088,1.9207477411587945e-149,0.8127003653677088,False
wavelet-LLH_glrlm_GrayLevelNonUniformity,glrlm,630,0.811515732898519,1.1343298814741747e-148,0.811515732898519,False
wavelet-LLH_gldm_GrayLevelNonUniformity,gldm,630,0.8100735277929957,9.690854945441389e-148,0.8100735277929957,False
wavelet-HHL_gldm_GrayLevelNonUniformity,gldm,630,0.8100262422639674,1.0393742338205478e-147,0.8100262422639674,False
wavelet-LHL_glrlm_LongRunLowGrayLevelEmphasis,glrlm,630,-0.8050759486449924,1.425287462611009e-144,0.8050759486449924,False
square_glrlm_RunLengthNonUniformity,glrlm,630,0.7993310038044843,4.8233992052206144e-141,0.7993310038044843,True
lbp-3D-m1_glszm_LargeAreaEmphasis,glszm,630,0.7972444315124826,8.647723881481356e-140,0.7972444315124826,False
wavelet-LHL_glrlm_GrayLevelNonUniformity,glrlm,630,0.7936029038466622,1.2295962664275592e-137,0.7936029038466622,True
gradient_glrlm_GrayLevelNonUniformity,glrlm,630,0.7902459490847104,1.0870545323256567e-135,0.7902459490847104,False
wavelet-LHL_gldm_GrayLevelNonUniformity,gldm,630,0.787154457196199,6.272965350345261e-134,0.787154457196199,False
wavelet-HHH_glrlm_GrayLevelNonUniformity,glrlm,630,0.7844726654885722,2.002759036869546e-132,0.7844726654885722,False
original_shape_SurfaceVolumeRatio,shape,630,-0.7805077592341234,3.0645340112387022e-130,0.7805077592341234,False
gradient_gldm_GrayLevelNonUniformity,gldm,630,0.780467326716565,3.2240970753865355e-130,0.780467326716565,True
wavelet-LHL_glszm_LowGrayLevelZoneEmphasis,glszm,630,-0.7776644774118573,1.0596482379876894e-128,0.7776644774118573,True
lbp-3D-k_glszm_LargeAreaLowGrayLevelEmphasis,glszm,630,0.7738925434459568,1.0757090106545527e-126,0.7738925434459568,False
lbp-3D-k_gldm_DependenceNonUniformity,gldm,630,0.7671571578964061,3.308072742060939e-123,0.7671571578964061,True
lbp-3D-m2_glszm_LargeAreaLowGrayLevelEmphasis,glszm,630,0.7646997726601178,5.792495192610985e-122,0.7646997726601178,True
lbp-3D-k_glszm_LargeAreaEmphasis,glszm,630,0.7543499930425301,6.865343952866632e-117,0.7543499930425301,False
lbp-3D-m2_glszm_LargeAreaEmphasis,glszm,630,0.7495796037935196,1.2328295068341696e-114,0.7495796037935196,False
exponential_gldm_LargeDependenceHighGrayLevelEmphasis,gldm,630,0.7495588146458071,1.2607095358824514e-114,0.7495588146458071,False
wavelet-HHH_gldm_GrayLevelNonUniformity,gldm,630,0.7491332294046117,1.9917014635908167e-114,0.7491332294046117,True
exponential_gldm_DependenceNonUniformity,gldm,630,0.7414929713107742,6.2785503121860274e-111,0.7414929713107742,True
wavelet-LHH_glrlm_GrayLevelNonUniformity,glrlm,630,0.7395840285797158,4.4949151996909053e-110,0.7395840285797158,False
exponential_glszm_LargeAreaHighGrayLevelEmphasis,glszm,630,0.7348087696243594,5.73599160773378e-108,0.7348087696243594,False
wavelet-LLH_gldm_SmallDependenceLowGrayLevelEmphasis,gldm,630,-0.7333561491110899,2.4556517044701027e-107,0.7333561491110899,False
exponential_glszm_LargeAreaEmphasis,glszm,630,0.7325929736637662,5.251841551989707e-107,0.7325929736637662,False
log-sigma-4-0-mm-3D_glrlm_GrayLevelNonUniformity,glrlm,630,0.7322387239017991,7.467429567146659e-107,0.7322387239017991,False
exponential_glszm_LargeAreaLowGrayLevelEmphasis,glszm,630,0.7322130420156259,7.660258374565462e-107,0.7322130420156259,True
wavelet-LHH_gldm_GrayLevelNonUniformity,gldm,630,0.7322015747087092,7.74795209456835e-107,0.7322015747087092,False
log-sigma-3-0-mm-3D_glrlm_GrayLevelNonUniformity,glrlm,630,0.7321868455024158,7.862058141625332e-107,0.7321868455024158,False
wavelet-LHL_glcm_Imc1,glcm,630,0.7302925640581396,5.11213501927241e-106,0.7302925640581396,False
exponential_glrlm_LongRunHighGrayLevelEmphasis,glrlm,630,0.7293618003052796,1.275194944743237e-105,0.7293618003052796,False
log-sigma-5-0-mm-3D_glrlm_GrayLevelNonUniformity,glrlm,630,0.7286423414483358,2.5780783134177396e-105,0.7286423414483358,False
exponential_glrlm_RunVariance,glrlm,630,0.7234579088794267,3.851169848151506e-103,0.7234579088794267,True
log-sigma-5-0-mm-3D_gldm_DependenceNonUniformity,gldm,630,0.7227551269362529,7.5250538547377e-103,0.7227551269362529,False
gradient_glszm_GrayLevelNonUniformity,glszm,630,0.7216437492258685,2.1613878031344686e-102,0.7216437492258685,True
exponential_gldm_LargeDependenceEmphasis,gldm,630,0.7190487248430241,2.4889398493507045e-101,0.7190487248430241,False
log-sigma-4-0-mm-3D_gldm_GrayLevelNonUniformity,gldm,630,0.7180465023143252,6.348680399427379e-101,0.7180465023143252,False
original_shape_Maximum2DDiameterSlice,shape,630,0.717677642692529,8.951766116091678e-101,0.717677642692529,False
lbp-3D-m1_glszm_LargeAreaHighGrayLevelEmphasis,glszm,630,0.7174905971901274,1.065339943891445e-100,0.7174905971901274,True
log-sigma-3-0-mm-3D_gldm_GrayLevelNonUniformity,gldm,630,0.7160387218741733,4.0932350168356987e-100,0.7160387218741733,True
exponential_gldm_LargeDependenceLowGrayLevelEmphasis,gldm,630,0.713811622021272,3.1745106935598613e-99,0.713811622021272,True
exponential_glrlm_RunPercentage,glrlm,630,-0.713756113423834,3.3399554794054073e-99,0.713756113423834,False
wavelet-HLL_gldm_DependenceNonUniformity,gldm,630,0.7107801670223338,5.0000545741681965e-98,0.7107801670223338,False
log-sigma-5-0-mm-3D_gldm_GrayLevelNonUniformity,gldm,630,0.7095280067471145,1.5452999069158237e-97,0.7095280067471145,False
wavelet-LLL_glszm_GrayLevelNonUniformity,glszm,630,0.7087863860131829,3.0062071034687215e-97,0.7087863860131829,False
wavelet-LLH_glcm_Imc1,glcm,630,0.7077558387045322,7.552818862909232e-97,0.7077558387045322,True
exponential_glrlm_LongRunEmphasis,glrlm,630,0.7067037294078785,1.926507575161355e-96,0.7067037294078785,False
exponential_glrlm_LongRunLowGrayLevelEmphasis,glrlm,630,0.703143292302369,4.442533125150568e-95,0.703143292302369,True
wavelet-LLH_glszm_LowGrayLevelZoneEmphasis,glszm,630,-0.7026668844664031,6.736692956413167e-95,0.7026668844664031,True
original_shape_Maximum3DDiameter,shape,630,0.7022220684028649,9.929947456733824e-95,0.7022220684028649,False
original_shape_Maximum2DDiameterColumn,shape,630,0.6998618359065559,7.687786653663129e-94,0.6998618359065559,True
wavelet-HLL_gldm_SmallDependenceLowGrayLevelEmphasis,gldm,630,-0.6996249194124559,9.430635789684909e-94,0.6996249194124559,True
wavelet-HLH_gldm_DependenceNonUniformity,gldm,630,0.698222522939947,3.1480213003123656e-93,0.698222522939947,False
lbp-3D-k_glszm_LargeAreaHighGrayLevelEmphasis,glszm,630,0.6969959419310285,8.98285907735283e-93,0.6969959419310285,True
original_shape_LeastAxisLength,shape,630,0.695567174338759,3.0265665844854973e-92,0.695567174338759,True
wavelet-LHH_glcm_JointEntropy,glcm,630,0.6953736741479044,3.565794599238334e-92,0.6953736741479044,True
wavelet-HHL_glcm_Imc1,glcm,630,0.6951571622156024,4.2831492466505544e-92,0.6951571622156024,True
original_glszm_GrayLevelNonUniformity,glszm,630,0.6944647306905544,7.68917505781702e-92,0.6944647306905544,False
wavelet-LLH_gldm_DependenceEntropy,gldm,630,0.6923704619223585,4.4675861572748634e-91,0.6923704619223585,False
wavelet-HLL_glcm_Imc1,glcm,630,0.6869928651004261,3.8252244310478926e-89,0.6869928651004261,True
wavelet-LHH_gldm_DependenceNonUniformity,gldm,630,0.686469305990275,5.869035658720694e-89,0.686469305990275,False
wavelet-LHL_gldm_DependenceNonUniformity,gldm,630,0.6861510528861945,7.609963255761774e-89,0.6861510528861945,False
wavelet-LLH_glrlm_ShortRunLowGrayLevelEmphasis,glrlm,630,-0.6860120226151364,8.523561971481552e-89,0.6860120226151364,False
log-sigma-4-0-mm-3D_glszm_LargeAreaHighGrayLevelEmphasis,glszm,630,0.6832918380124988,7.735011672671428e-88,0.6832918380124988,False
wavelet-LLL_glrlm_GrayLevelNonUniformity,glrlm,630,0.6814283668664689,3.4563179788396347e-87,0.6814283668664689,False
wavelet-LHH_gldm_SmallDependenceLowGrayLevelEmphasis,gldm,630,-0.6807338393957227,6.021312470888993e-87,0.6807338393957227,True
wavelet-LLL_gldm_GrayLevelNonUniformity,gldm,630,0.6792967933354664,1.8896696662254117e-86,0.6792967933354664,False
wavelet-LHL_glcm_JointEntropy,glcm,630,0.6780493841810046,5.072651626677928e-86,0.6780493841810046,False
lbp-3D-m2_glszm_LargeAreaHighGrayLevelEmphasis,glszm,630,0.6762187629557684,2.1416658748338875e-85,0.6762187629557684,True
wavelet-LLH_glszm_SmallAreaLowGrayLevelEmphasis,glszm,630,-0.6723467195161271,4.354989996895137e-84,0.6723467195161271,False
exponential_gldm_SmallDependenceLowGrayLevelEmphasis,gldm,630,-0.6698526690651033,2.959048590306618e-83,0.6698526690651033,True
exponential_glrlm_ShortRunLowGrayLevelEmphasis,glrlm,630,-0.6690296453738676,5.546042390840436e-83,0.6690296453738676,False
wavelet-HHL_gldm_SmallDependenceLowGrayLevelEmphasis,gldm,630,-0.6673954517977307,1.919216610988507e-82,0.6673954517977307,True
wavelet-LHL_glszm_SizeZoneNonUniformity,glszm,630,0.6656605488588685,7.108002798918305e-82,0.6656605488588685,True
wavelet-LLH_glcm_MaximumProbability,glcm,630,-0.6636726847330034,3.152030574224173e-81,0.6636726847330034,False
wavelet-LHH_glszm_SizeZoneNonUniformity,glszm,630,0.6579296115461272,2.186362197661734e-79,0.6579296115461272,True
original_shape_MajorAxisLength,shape,630,0.6520869087966975,1.4849244189799557e-77,0.6520869087966975,True
original_gldm_DependenceNonUniformity,gldm,630,0.652044196700998,1.5309020712937136e-77,0.652044196700998,False
log-sigma-3-0-mm-3D_glszm_LargeAreaHighGrayLevelEmphasis,glszm,630,0.6510664496428685,3.072674738834384e-77,0.6510664496428685,True
wavelet-LLL_glcm_MCC,glcm,630,-0.650225093344265,5.584496902351778e-77,0.650225093344265,True
lbp-3D-m2_glrlm_RunEntropy,glrlm,630,0.6475486766419398,3.689004055899488e-76,0.6475486766419398,True
wavelet-LHH_glrlm_ShortRunLowGrayLevelEmphasis,glrlm,630,-0.6409589201422774,3.555618326944048e-74,0.6409589201422774,False
lbp-3D-m1_glszm_GrayLevelNonUniformity,glszm,630,0.6408532962696245,3.8222549162619805e-74,0.6408532962696245,False
original_shape_Maximum2DDiameterRow,shape,630,0.6400600275629807,6.573297962338217e-74,0.6400600275629807,False
wavelet-LHH_gldm_LowGrayLevelEmphasis,gldm,630,-0.6384006335787886,2.0328102034508303e-73,0.6384006335787886,False
wavelet-LHH_glrlm_LowGrayLevelRunEmphasis,glrlm,630,-0.6362438647104353,8.727311401613067e-73,0.6362438647104353,False
wavelet-HLH_glcm_Imc1,glcm,630,0.6347143397643217,2.4354820116880483e-72,0.6347143397643217,True
square_glrlm_GrayLevelNonUniformity,glrlm,630,0.6346963430947853,2.4649845403262553e-72,0.6346963430947853,False
log-sigma-5-0-mm-3D_glszm_LargeAreaHighGrayLevelEmphasis,glszm,630,0.6341159145088994,3.633145228185647e-72,0.6341159145088994,True
wavelet-HHH_gldm_DependenceNonUniformity,gldm,630,0.6332192484459209,6.604371075421545e-72,0.6332192484459209,False
wavelet-LLL_glcm_Imc1,glcm,630,0.6328156911282382,8.637056036732678e-72,0.6328156911282382,True
wavelet-HHL_gldm_DependenceNonUniformity,gldm,630,0.6324273469952034,1.117747483294302e-71,0.6324273469952034,False
exponential_glszm_ZonePercentage,glszm,630,-0.6248013880457874,1.64167736852517e-69,0.6248013880457874,True
log-sigma-3-0-mm-3D_glszm_GrayLevelNonUniformity,glszm,630,0.6242364897036105,2.362758963923344e-69,0.6242364897036105,True
wavelet-LLH_glcm_MCC,glcm,630,-0.6238264986681942,3.07598882433053e-69,0.6238264986681942,True
wavelet-LHL_glcm_Imc2,glcm,630,-0.6226841900638245,6.401564554756055e-69,0.6226841900638245,True
wavelet-LHH_glcm_Imc1,glcm,630,0.6225022317370325,7.192280994796298e-69,0.6225022317370325,True
square_gldm_DependenceNonUniformity,gldm,630,0.6179786848646164,1.2696033104539556e-67,0.6179786848646164,False
exponential_glrlm_ShortRunEmphasis,glrlm,630,-0.6174905192045534,1.7258583434173482e-67,0.6174905192045534,False
wavelet-HHL_glcm_Imc2,glcm,630,-0.6159304479113469,4.5872631910725846e-67,0.6159304479113469,True
wavelet-LHH_glrlm_LongRunLowGrayLevelEmphasis,glrlm,630,-0.6157122322943288,5.257119584403773e-67,0.6157122322943288,False
squareroot_glszm_GrayLevelNonUniformity,glszm,630,0.6145158348157136,1.1078090507190944e-66,0.6145158348157136,True
original_glrlm_GrayLevelNonUniformity,glrlm,630,0.6120470785676774,5.105965248283375e-66,0.6120470785676774,False
squareroot_firstorder_Energy,firstorder,630,0.6098606031968093,1.9540588291631047e-65,0.6098606031968093,False
squareroot_firstorder_TotalEnergy,firstorder,630,0.6098606031968093,1.9540588291631047e-65,0.6098606031968093,False
wavelet-LLL_gldm_SmallDependenceLowGrayLevelEmphasis,gldm,630,-0.6081675245179495,5.484741966330824e-65,0.6081675245179495,False
wavelet-HLL_glszm_SizeZoneNonUniformity,glszm,630,0.6070230156050426,1.09804796944724e-64,0.6070230156050426,False
original_gldm_GrayLevelNonUniformity,gldm,630,0.6050328166269916,3.646955863299779e-64,0.6050328166269916,False
original_shape_MinorAxisLength,shape,630,0.6047960764381309,4.204332521057142e-64,0.6047960764381309,False
wavelet-LHL_gldm_LargeDependenceLowGrayLevelEmphasis,gldm,630,-0.6043002561946252,5.660969584822914e-64,0.6043002561946252,False
log-sigma-5-0-mm-3D_glszm_GrayLevelNonUniformity,glszm,630,0.6005263379285429,5.356092414660293e-63,0.6005263379285429,True
logarithm_glszm_GrayLevelNonUniformity,glszm,630,0.6001005917869296,6.888644137742065e-63,0.6001005917869296,False
square_glszm_GrayLevelNonUniformity,glszm,630,0.6000270741997205,7.194299642075358e-63,0.6000270741997205,True
wavelet-HLL_glcm_Imc2,glcm,630,-0.5975358840093413,3.1118287646325643e-62,0.5975358840093413,True
wavelet-HHL_glszm_SizeZoneNonUniformity,glszm,630,0.5968605601470997,4.618216550980719e-62,0.5968605601470997,True
wavelet-LLL_glcm_MaximumProbability,glcm,630,-0.5966404897110102,5.251221011514765e-62,0.5966404897110102,True
lbp-3D-k_glrlm_RunEntropy,glrlm,630,0.5961922046706397,6.819671112115558e-62,0.5961922046706397,True
wavelet-HLH_glszm_SizeZoneNonUniformity,glszm,630,0.595269738525459,1.1661784367131301e-61,0.595269738525459,True
log-sigma-4-0-mm-3D_gldm_DependenceNonUniformity,gldm,630,0.5935547807523099,3.1473111513958175e-61,0.5935547807523099,True
wavelet-HHH_glcm_Imc1,glcm,630,0.590794787516658,1.536185782822633e-60,0.590794787516658,True
log-sigma-3-0-mm-3D_gldm_DependenceNonUniformity,gldm,630,0.5903646502022427,1.9640304070009635e-60,0.5903646502022427,True
wavelet-HLL_glszm_ZoneEntropy,glszm,630,0.5898665193019738,2.6092748839028715e-60,0.5898665193019738,True
square_gldm_DependenceEntropy,gldm,630,0.5871738096148282,1.2014995255023298e-59,0.5871738096148282,True
wavelet-HLH_gldm_DependenceEntropy,gldm,630,0.5850805090010397,3.899582564143166e-59,0.5850805090010397,True
wavelet-LHH_glszm_LowGrayLevelZoneEmphasis,glszm,630,-0.5775086622469996,2.569120030983508e-57,0.5775086622469996,True
gradient_gldm_DependenceEntropy,gldm,630,0.575518998454181,7.5833990345625e-57,0.575518998454181,True
gradient_glszm_LargeAreaLowGrayLevelEmphasis,glszm,630,0.5720831942841005,4.831378979726986e-56,0.5720831942841005,True
gradient_glszm_ZoneVariance,glszm,630,0.5719540981746264,5.177302756458396e-56,0.5719540981746264,False
wavelet-LLH_glszm_ZoneEntropy,glszm,630,0.5700258390182658,1.4491311636556341e-55,0.5700258390182658,True
wavelet-LHL_glszm_LargeAreaLowGrayLevelEmphasis,glszm,630,-0.569148441389471,2.3095530757198018e-55,0.569148441389471,False
wavelet-LLL_glszm_LowGrayLevelZoneEmphasis,glszm,630,-0.5680383588213509,4.156809163875104e-55,0.5680383588213509,False
gradient_glszm_LargeAreaEmphasis,glszm,630,0.5626280080608623,7.062427496318219e-54,0.5626280080608623,True
wavelet-HHH_glszm_SizeZoneNonUniformity,glszm,630,0.5590053264743166,4.571763819266785e-53,0.5590053264743166,True
wavelet-LHH_glcm_JointEnergy,glcm,630,-0.5582080980094162,6.874619266237582e-53,0.5582080980094162,False
log-sigma-4-0-mm-3D_glszm_ZoneVariance,glszm,630,0.5564455281905868,1.68748474085429e-52,0.5564455281905868,False
log-sigma-3-0-mm-3D_glcm_Imc1,glcm,630,0.5540379817311344,5.704117522887433e-52,0.5540379817311344,False
wavelet-HHH_gldm_SmallDependenceLowGrayLevelEmphasis,gldm,630,-0.5520123245992431,1.5772714198945334e-51,0.5520123245992431,True
log-sigma-4-0-mm-3D_glszm_LargeAreaEmphasis,glszm,630,0.5516731473673815,1.8688421608500084e-51,0.5516731473673815,False
wavelet-LHH_glszm_SmallAreaLowGrayLevelEmphasis,glszm,630,-0.5506704929186138,3.082100957290089e-51,0.5506704929186138,False
wavelet-HLL_glrlm_ShortRunLowGrayLevelEmphasis,glrlm,630,-0.5503266365526729,3.657555083753129e-51,0.5503266365526729,False
wavelet-LLL_glrlm_ShortRunLowGrayLevelEmphasis,glrlm,630,-0.5499016991915809,4.5179971104698453e-51,0.5499016991915809,False
exponential_glszm_SmallAreaLowGrayLevelEmphasis,glszm,630,-0.5493511526844631,5.937829568098661e-51,0.5493511526844631,False
exponential_glszm_SmallAreaHighGrayLevelEmphasis,glszm,630,-0.5488384859836487,7.655007274846351e-51,0.5488384859836487,False
exponential_glszm_SmallAreaEmphasis,glszm,630,-0.5481313346766981,1.08592730928622e-50,0.5481313346766981,True
wavelet-HLH_gldm_SmallDependenceLowGrayLevelEmphasis,gldm,630,-0.546835498622658,2.0565215547829098e-50,0.546835498622658,True
wavelet-HLH_glcm_Imc2,glcm,630,-0.5444488762909866,6.618447451040706e-50,0.5444488762909866,True
wavelet-LLL_glrlm_LowGrayLevelRunEmphasis,glrlm,630,-0.5432716061565975,1.1739722848080165e-49,0.5432716061565975,False
lbp-3D-m2_gldm_DependenceEntropy,gldm,630,0.5427564694877894,1.5075089320333866e-49,0.5427564694877894,True
wavelet-HLL_gldm_LowGrayLevelEmphasis,gldm,630,-0.5424681628418174,1.733641070710966e-49,0.5424681628418174,False
wavelet-HLL_glrlm_LowGrayLevelRunEmphasis,glrlm,630,-0.5412681929082531,3.097182021320176e-49,0.5412681929082531,False
lbp-3D-k_gldm_SmallDependenceLowGrayLevelEmphasis,gldm,630,-0.5408195719300514,3.845224690499299e-49,0.5408195719300514,True
wavelet-LLL_gldm_LowGrayLevelEmphasis,gldm,630,-0.5404323555883075,4.6334338415312304e-49,0.5404323555883075,False
wavelet-HHH_glszm_LargeAreaHighGrayLevelEmphasis,glszm,630,0.539430972904187,7.49620763270144e-49,0.539430972904187,True
squareroot_glrlm_GrayLevelNonUniformity,glrlm,630,0.5390035640004787,9.200405190273859e-49,0.5390035640004787,False
wavelet-HLH_glszm_ZoneEntropy,glszm,630,0.5373634195256152,2.013828223037143e-48,0.5373634195256152,True
gradient_gldm_LargeDependenceEmphasis,gldm,630,0.5350534998406316,6.025718994324945e-48,0.5350534998406316,True
gradient_gldm_DependenceVariance,gldm,630,0.5348697050124229,6.572401214743503e-48,0.5348697050124229,False
squareroot_gldm_GrayLevelNonUniformity,gldm,630,0.5340695970803966,9.586018576305149e-48,0.5340695970803966,False
exponential_gldm_SmallDependenceEmphasis,gldm,630,-0.5333876912738852,1.3212681841977209e-47,0.5333876912738852,False
log-sigma-4-0-mm-3D_glszm_GrayLevelNonUniformity,glszm,630,0.5329773479607356,1.6021188126069095e-47,0.5329773479607356,True
exponential_glrlm_RunLengthNonUniformityNormalized,glrlm,630,-0.5318640692353795,2.6990367813907633e-47,0.5318640692353795,True
wavelet-HLL_gldm_DependenceEntropy,gldm,630,0.5313696407343179,3.4004628225099993e-47,0.5313696407343179,True
gradient_gldm_DependenceNonUniformity,gldm,630,0.5312212042039821,3.6444027550680426e-47,0.5312212042039821,True
lbp-3D-m1_glszm_ZonePercentage,glszm,630,-0.529433511758528,8.3719199286000985e-47,0.529433511758528,True
original_glcm_Imc1,glcm,630,0.5265331197808852,3.1935605722780915e-46,0.5265331197808852,False
gradient_glrlm_RunVariance,glrlm,630,0.5255833755405543,4.936893414789803e-46,0.5255833755405543,False
log-sigma-3-0-mm-3D_glszm_ZoneVariance,glszm,630,0.5254481365678786,5.252223235012033e-46,0.5254481365678786,False
log-sigma-3-0-mm-3D_glszm_LargeAreaEmphasis,glszm,630,0.5247253366259377,7.308889848694793e-46,0.5247253366259377,True
wavelet-LLL_glszm_SmallAreaLowGrayLevelEmphasis,glszm,630,-0.5230519640035731,1.5659132405018324e-45,0.5230519640035731,False
wavelet-HHL_glrlm_ShortRunLowGrayLevelEmphasis,glrlm,630,-0.5220213307325663,2.498410568914229e-45,0.5220213307325663,False
wavelet-LHL_glcm_Idmn,glcm,630,0.5216662204492752,2.9336727127443187e-45,0.5216662204492752,False
wavelet-LLH_glcm_Imc2,glcm,630,-0.5207697223552125,4.396713447491344e-45,0.5207697223552125,False
wavelet-LHH_glcm_Imc2,glcm,630,-0.5200106228341698,6.187352109695314e-45,0.5200106228341698,True
exponential_glrlm_ShortRunHighGrayLevelEmphasis,glrlm,630,-0.5180845712692723,1.4665669039797282e-44,0.5180845712692723,False
gradient_glrlm_LongRunEmphasis,glrlm,630,0.517193952087258,2.1817288230019326e-44,0.517193952087258,False
wavelet-LLL_glrlm_LongRunLowGrayLevelEmphasis,glrlm,630,-0.5171405139765148,2.2342648872946862e-44,0.5171405139765148,False
log-sigma-4-0-mm-3D_glszm_ZonePercentage,glszm,630,-0.5170697311722878,2.305790540154714e-44,0.5170697311722878,False
lbp-3D-k_firstorder_Minimum,firstorder,630,-0.51701532914322,2.3623040184470245e-44,0.51701532914322,True
wavelet-HLL_glszm_SmallAreaLowGrayLevelEmphasis,glszm,630,-0.5146229718728563,6.821895129499198e-44,0.5146229718728563,False
squareroot_gldm_DependenceNonUniformity,gldm,630,0.5133412970595972,1.1999082023704647e-43,0.5133412970595972,False
wavelet-LHL_glcm_Idn,glcm,630,0.5119248391892907,2.233419680079233e-43,0.5119248391892907,True
wavelet-LLH_gldm_LargeDependenceEmphasis,gldm,630,0.5111010369742353,3.2012155968221915e-43,0.5111010369742353,True
wavelet-HHL_glszm_LargeAreaHighGrayLevelEmphasis,glszm,630,0.511064934323285,3.252047400303432e-43,0.511064934323285,True
wavelet-HHL_glszm_ZoneVariance,glszm,630,0.5103356852781133,4.4687309160015944e-43,0.5103356852781133,False
wavelet-LHL_glszm_ZoneVariance,glszm,630,0.51021993682116,4.699607737813891e-43,0.51021993682116,False
gradient_glrlm_RunPercentage,glrlm,630,-0.5100868395715799,4.9797518575426985e-43,0.5100868395715799,False
squareroot_glcm_MCC,glcm,630,-0.5096891969172493,5.919272599557297e-43,0.5096891969172493,False
gradient_gldm_LargeDependenceLowGrayLevelEmphasis,gldm,630,0.5092077260182539,7.294917460423024e-43,0.5092077260182539,False
wavelet-HHL_glrlm_LowGrayLevelRunEmphasis,glrlm,630,-0.5087837004884185,8.766469346871386e-43,0.5087837004884185,False
log-sigma-5-0-mm-3D_gldm_DependenceEntropy,gldm,630,0.5087342456405326,8.956227919463305e-43,0.5087342456405326,False
wavelet-LLL_firstorder_TotalEnergy,firstorder,630,0.508453137662375,1.011488635937184e-42,0.508453137662375,False
wavelet-LLL_firstorder_Energy,firstorder,630,0.508453137662375,1.011488635937184e-42,0.508453137662375,False
wavelet-LHL_glcm_JointEnergy,glcm,630,-0.5082624689475274,1.0984246885595985e-42,0.5082624689475274,False
wavelet-LLH_gldm_DependenceVariance,gldm,630,0.5082150777177483,1.1211591576615394e-42,0.5082150777177483,False
wavelet-HHL_gldm_LowGrayLevelEmphasis,gldm,630,-0.5078911616616536,1.2895559233624926e-42,0.5078911616616536,False
wavelet-HHL_glszm_LargeAreaEmphasis,glszm,630,0.5078184791122863,1.3306623586176813e-42,0.5078184791122863,False
exponential_gldm_DependenceVariance,gldm,630,0.5076566770553749,1.426899330701985e-42,0.5076566770553749,True
gradient_glcm_Imc2,glcm,630,-0.5075430580817022,1.498574892157535e-42,0.5075430580817022,True
wavelet-LLH_glrlm_RunLengthNonUniformityNormalized,glrlm,630,-0.5073014947854058,1.663051667776761e-42,0.5073014947854058,False
log-sigma-5-0-mm-3D_glszm_ZoneVariance,glszm,630,0.5057070618511644,3.300054873027865e-42,0.5057070618511644,False
wavelet-HLL_glrlm_LongRunLowGrayLevelEmphasis,glrlm,630,-0.5050373937799376,4.395950617345994e-42,0.5050373937799376,True
log-sigma-3-0-mm-3D_glszm_ZonePercentage,glszm,630,-0.5049424208976243,4.5781670288352366e-42,0.5049424208976243,True
wavelet-LLH_glcm_SumEntropy,glcm,630,0.5041827919325554,6.332485114544963e-42,0.5041827919325554,True
wavelet-LLH_glrlm_ShortRunEmphasis,glrlm,630,-0.504049640573546,6.702429495181753e-42,0.504049640573546,False
wavelet-LHL_glszm_LargeAreaEmphasis,glszm,630,0.5037981852445977,7.460521803220523e-42,0.5037981852445977,True
wavelet-LLH_glszm_LargeAreaEmphasis,glszm,630,0.5035984403317391,8.122850890211613e-42,0.5035984403317391,False
wavelet-LLH_glszm_ZoneVariance,glszm,630,0.5032128914223438,9.570615407840432e-42,0.5032128914223438,False
wavelet-LLH_glrlm_RunPercentage,glrlm,630,-0.5030587984159469,1.0218416843736923e-41,0.5030587984159469,False
logarithm_glrlm_GrayLevelNonUniformity,glrlm,630,0.5029453169396776,1.0723132705792761e-41,0.5029453169396776,False
gradient_glcm_Imc1,glcm,630,0.502897445798711,1.0943389496822333e-41,0.502897445798711,True
log-sigma-4-0-mm-3D_glrlm_RunVariance,glrlm,630,0.502035501310158,1.57726452736253e-41,0.502035501310158,False
log-sigma-5-0-mm-3D_glszm_LargeAreaEmphasis,glszm,630,0.501825204227736,1.724123245507958e-41,0.501825204227736,False
original_glcm_MCC,glcm,630,-0.49967145879986485,4.2755900272633054e-41,0.49967145879986485,True
wavelet-HLL_glszm_LowGrayLevelZoneEmphasis,glszm,630,-0.4984976920171455,6.994785027184852e-41,0.4984976920171455,False
gradient_gldm_DependenceNonUniformityNormalized,gldm,630,-0.497692161088699,9.795042280555416e-41,0.497692161088699,True
log-sigma-4-0-mm-3D_glrlm_LongRunEmphasis,glrlm,630,0.49602739716990973,1.9587875907991236e-40,0.49602739716990973,False
lbp-3D-m1_glszm_SizeZoneNonUniformity,glszm,630,0.49564257556225466,2.2978714714082683e-40,0.49564257556225466,True
lbp-3D-k_glszm_ZonePercentage,glszm,630,-0.4951937266043388,2.76751125813458e-40,0.4951937266043388,True
logarithm_gldm_GrayLevelNonUniformity,gldm,630,0.49510793532551867,2.867560680238301e-40,0.49510793532551867,True
lbp-3D-k_gldm_SmallDependenceEmphasis,gldm,630,-0.49499285262272363,3.0074254208385258e-40,0.49499285262272363,False
wavelet-LLH_glrlm_LongRunEmphasis,glrlm,630,0.49409237126580346,4.362694160732501e-40,0.49409237126580346,False
log-sigma-4-0-mm-3D_glrlm_RunPercentage,glrlm,630,-0.49379145480439474,4.938972315231141e-40,0.49379145480439474,False
gradient_glrlm_ShortRunEmphasis,glrlm,630,-0.4924695035936948,8.505701234736086e-40,0.4924695035936948,False
log-sigma-4-0-mm-3D_gldm_DependenceNonUniformityNormalized,gldm,630,-0.49080668331521543,1.6795582641699758e-39,0.49080668331521543,True
gradient_glrlm_RunLengthNonUniformityNormalized,glrlm,630,-0.48988918910669355,2.4408496971303874e-39,0.48988918910669355,False
wavelet-LLH_glszm_ZonePercentage,glszm,630,-0.4889141119671578,3.6269152646792326e-39,0.4889141119671578,False
log-sigma-4-0-mm-3D_gldm_LargeDependenceEmphasis,gldm,630,0.48826874498608247,4.71054337754818e-39,0.48826874498608247,True
lbp-3D-k_glrlm_RunLengthNonUniformity,glrlm,630,0.4873645443174581,6.787850685376354e-39,0.4873645443174581,True
wavelet-HHH_glcm_Imc2,glcm,630,-0.4858007537125474,1.2735516686383451e-38,0.4858007537125474,True
wavelet-LHL_glszm_ZonePercentage,glszm,630,-0.48479221234576664,1.9077414353392603e-38,0.48479221234576664,False
wavelet-LLH_gldm_DependenceNonUniformityNormalized,gldm,630,-0.4831012052909781,3.74519178291125e-38,0.4831012052909781,False
wavelet-LLH_glrlm_RunVariance,glrlm,630,0.48276437962393604,4.281850239599806e-38,0.48276437962393604,False
log-sigma-4-0-mm-3D_gldm_SmallDependenceEmphasis,gldm,630,-0.4821063014078907,5.559949849956793e-38,0.4821063014078907,False
log-sigma-4-0-mm-3D_glrlm_ShortRunEmphasis,glrlm,630,-0.4806046593017787,1.0069370231343728e-37,0.4806046593017787,False
log-sigma-3-0-mm-3D_glcm_Imc2,glcm,630,-0.4804098393551581,1.087356989862924e-37,0.4804098393551581,True
log-sigma-4-0-mm-3D_glrlm_RunLengthNonUniformityNormalized,glrlm,630,-0.47928425565567745,1.6933570757771642e-37,0.47928425565567745,False
log-sigma-4-0-mm-3D_glcm_Imc1,glcm,630,0.4786003102266184,2.2145963703001046e-37,0.4786003102266184,True
square_gldm_GrayLevelNonUniformity,gldm,630,0.4783451654437119,2.447397552542774e-37,0.4783451654437119,False
wavelet-HLL_glszm_LargeAreaEmphasis,glszm,630,0.47830091137297936,2.4901764311842906e-37,0.47830091137297936,True
wavelet-LHL_glrlm_RunPercentage,glrlm,630,-0.4777581782032454,3.079178319609928e-37,0.4777581782032454,False
wavelet-LHL_glrlm_RunLengthNonUniformityNormalized,glrlm,630,-0.47742877503092174,3.502002617807255e-37,0.47742877503092174,False
wavelet-LHL_gldm_DependenceNonUniformityNormalized,gldm,630,-0.4773538848900911,3.6058921217328242e-37,0.4773538848900911,False
wavelet-LHH_gldm_DependenceEntropy,gldm,630,0.4771756218794439,3.865639533564691e-37,0.4771756218794439,False
exponential_gldm_SmallDependenceHighGrayLevelEmphasis,gldm,630,-0.47706363460380913,4.0382177460910305e-37,0.47706363460380913,False
log-sigma-3-0-mm-3D_gldm_SmallDependenceEmphasis,gldm,630,-0.47658953034154383,4.857532573950175e-37,0.47658953034154383,False
wavelet-LHL_gldm_LargeDependenceEmphasis,gldm,630,0.47657631685163243,4.882585482211727e-37,0.47657631685163243,False
wavelet-LLH_gldm_SmallDependenceEmphasis,gldm,630,-0.4762918414318535,5.454127111595227e-37,0.4762918414318535,False
wavelet-HLL_glszm_ZoneVariance,glszm,630,0.47541597951885906,7.664073708665558e-37,0.47541597951885906,False
wavelet-LHL_glrlm_ShortRunEmphasis,glrlm,630,-0.4750057034445493,8.984944240825953e-37,0.4750057034445493,False
wavelet-LHL_glrlm_RunVariance,glrlm,630,0.4749848273078872,9.057881956885785e-37,0.4749848273078872,False
wavelet-LHL_glrlm_LongRunEmphasis,glrlm,630,0.47432518938048196,1.1690958493309467e-36,0.47432518938048196,False
log-sigma-3-0-mm-3D_glrlm_RunVariance,glrlm,630,0.4736579688563122,1.5125234315200896e-36,0.4736579688563122,False
square_glszm_LargeAreaHighGrayLevelEmphasis,glszm,630,0.4718270596843634,3.057524073379657e-36,0.4718270596843634,True
wavelet-LHH_glcm_Idn,glcm,630,0.47149548904482586,3.471584028910032e-36,0.47149548904482586,True
wavelet-HLL_glszm_ZonePercentage,glszm,630,-0.47123159883325416,3.840461962882569e-36,0.47123159883325416,True
wavelet-LLL_glcm_Imc2,glcm,630,-0.470329664792262,5.419847720148088e-36,0.470329664792262,True
log-sigma-3-0-mm-3D_glrlm_LongRunEmphasis,glrlm,630,0.46953670753693166,7.330725219313523e-36,0.46953670753693166,False
wavelet-LHL_gldm_SmallDependenceEmphasis,gldm,630,-0.46905602849139577,8.800087038158227e-36,0.46905602849139577,False
log-sigma-5-0-mm-3D_glrlm_RunVariance,glrlm,630,0.46896546925028887,9.107945242769259e-36,0.46896546925028887,False
wavelet-HLH_glszm_LargeAreaHighGrayLevelEmphasis,glszm,630,0.46875337250091337,9.871387588936077e-36,0.46875337250091337,True
squareroot_glcm_Imc1,glcm,630,0.4684286166002404,1.1164956146696528e-35,0.4684286166002404,False
wavelet-LHL_gldm_DependenceVariance,gldm,630,0.4677103815168248,1.4653046645176467e-35,0.4677103815168248,False
wavelet-LHH_glcm_Idmn,glcm,630,0.4669073701221135,1.984283867474989e-35,0.4669073701221135,False
log-sigma-3-0-mm-3D_glrlm_RunPercentage,glrlm,630,-0.46666343686436146,2.175375459625245e-35,0.46666343686436146,False
wavelet-HHH_gldm_DependenceEntropy,gldm,630,0.4642510616985502,5.37893898613571e-35,0.4642510616985502,True
gradient_glrlm_LongRunLowGrayLevelEmphasis,glrlm,630,0.4635359220422949,7.025007438838049e-35,0.4635359220422949,True
log-sigma-4-0-mm-3D_gldm_DependenceEntropy,gldm,630,0.4631175354689142,8.210232284917992e-35,0.4631175354689142,True
wavelet-HHL_glszm_SmallAreaLowGrayLevelEmphasis,glszm,630,-0.46245967321290327,1.0486481884740207e-34,0.46245967321290327,False
log-sigma-5-0-mm-3D_glszm_ZonePercentage,glszm,630,-0.46125975862025287,1.6363471467564788e-34,0.46125975862025287,True
original_glszm_SizeZoneNonUniformity,glszm,630,0.4590492803402081,3.6971715204702933e-34,0.4590492803402081,True
log-sigma-3-0-mm-3D_gldm_DependenceNonUniformityNormalized,gldm,630,-0.4588084609062525,4.039048975548349e-34,0.4588084609062525,False
log-sigma-3-0-mm-3D_gldm_LargeDependenceEmphasis,gldm,630,0.45734436431635894,6.9045848534440165e-34,0.45734436431635894,True
log-sigma-5-0-mm-3D_glrlm_LongRunEmphasis,glrlm,630,0.45667074451204825,8.828673452203346e-34,0.45667074451204825,False
log-sigma-3-0-mm-3D_glrlm_ShortRunEmphasis,glrlm,630,-0.4563028685911662,1.0094792630779912e-33,0.4563028685911662,False
wavelet-LLH_glcm_Idm,glcm,630,0.4554724302720815,1.3652786908142357e-33,0.4554724302720815,False
log-sigma-3-0-mm-3D_glrlm_RunLengthNonUniformityNormalized,glrlm,630,-0.4545405867190493,1.913938738776876e-33,0.4545405867190493,False
wavelet-LLH_glcm_InverseVariance,glcm,630,0.4539253405765004,2.3907967151905293e-33,0.4539253405765004,False
lbp-3D-k_gldm_DependenceEntropy,gldm,630,0.453885339979011,2.4255894318073904e-33,0.453885339979011,True
log-sigma-4-0-mm-3D_gldm_DependenceVariance,gldm,630,0.45355544902863015,2.7323322126147863e-33,0.45355544902863015,False
wavelet-HHL_glszm_ZonePercentage,glszm,630,-0.45244458975091484,4.076290012951688e-33,0.45244458975091484,True
wavelet-LLL_glszm_ZoneVariance,glszm,630,0.4501590989590813,9.240508640151084e-33,0.4501590989590813,False
wavelet-HHL_glrlm_LongRunLowGrayLevelEmphasis,glrlm,630,-0.4497776841417999,1.0586446276223057e-32,0.4497776841417999,False
wavelet-LLH_glcm_Idn,glcm,630,0.44961101098633405,1.1233955370317323e-32,0.44961101098633405,True
wavelet-HLL_gldm_SmallDependenceEmphasis,gldm,630,-0.44932455199843435,1.2439744041338554e-32,0.44932455199843435,False
wavelet-HHL_glszm_LowGrayLevelZoneEmphasis,glszm,630,-0.44930461168858815,1.2528298908581217e-32,0.44930461168858815,False
squareroot_glcm_JointEntropy,glcm,630,0.448150905193512,1.8870632616249155e-32,0.448150905193512,True
wavelet-LLL_glszm_LargeAreaEmphasis,glszm,630,0.4477439181210173,2.1796110391743395e-32,0.4477439181210173,False
wavelet-LHL_firstorder_Kurtosis,firstorder,630,0.4471482027536255,2.6905722768145805e-32,0.4471482027536255,True
exponential_glrlm_RunEntropy,glrlm,630,0.4461480198474741,3.8282978537406977e-32,0.4461480198474741,True
wavelet-HLL_gldm_DependenceNonUniformityNormalized,gldm,630,-0.44334927378342043,1.0206860683545243e-31,0.44334927378342043,False
wavelet-LLH_glszm_SmallAreaEmphasis,glszm,630,-0.4429754229682523,1.1627382254514046e-31,0.4429754229682523,False
wavelet-HHL_gldm_DependenceEntropy,gldm,630,0.44288431182927973,1.2002253078005602e-31,0.44288431182927973,False
wavelet-LLL_gldm_LargeDependenceEmphasis,gldm,630,0.44216440489108483,1.5417152245342366e-31,0.44216440489108483,True
wavelet-HLL_glcm_Correlation,glcm,630,-0.442103088402487,1.5749034899227512e-31,0.442103088402487,True
wavelet-LLL_glrlm_RunPercentage,glrlm,630,-0.441021457491663,2.2914565410547585e-31,0.441021457491663,False
wavelet-LLL_glrlm_RunLengthNonUniformityNormalized,glrlm,630,-0.4408534716565619,2.428578723438123e-31,0.4408534716565619,False
wavelet-HHL_glcm_Idmn,glcm,630,0.44014241124540154,3.1048157541867834e-31,0.44014241124540154,False
wavelet-LLL_glszm_ZonePercentage,glszm,630,-0.439666922795363,3.6579253039699527e-31,0.439666922795363,False
wavelet-LLH_glszm_SizeZoneNonUniformityNormalized,glszm,630,-0.4381370063656285,6.188128351092353e-31,0.4381370063656285,True
wavelet-LLL_glrlm_ShortRunEmphasis,glrlm,630,-0.43766462978363874,7.274816218872774e-31,0.43766462978363874,False
wavelet-LLL_glrlm_RunVariance,glrlm,630,0.43759617045272253,7.447246081757096e-31,0.43759617045272253,False
wavelet-LLL_glrlm_LongRunEmphasis,glrlm,630,0.43745418872786057,7.817863517577355e-31,0.43745418872786057,False
wavelet-LLL_gldm_DependenceNonUniformityNormalized,gldm,630,-0.4372368849420991,8.42074995104639e-31,0.4372368849420991,True
lbp-3D-m2_glszm_ZonePercentage,glszm,630,-0.4359023519170659,1.3273179435405633e-30,0.4359023519170659,True
gradient_gldm_LowGrayLevelEmphasis,gldm,630,0.4358536129304175,1.349509202107751e-30,0.4358536129304175,False
original_glcm_Imc2,glcm,630,-0.4351002723436264,1.7431252810456953e-30,0.4351002723436264,True
log-sigma-4-0-mm-3D_glcm_Imc2,glcm,630,-0.4345235390738853,2.119508046460208e-30,0.4345235390738853,False
wavelet-LLL_gldm_SmallDependenceEmphasis,gldm,630,-0.4339977483767117,2.5322093031127167e-30,0.4339977483767117,False
wavelet-LLL_gldm_DependenceVariance,gldm,630,0.43199791046671526,4.9675132162931975e-30,0.43199791046671526,False
gradient_glrlm_LowGrayLevelRunEmphasis,glrlm,630,0.43125947112230023,6.363603129851825e-30,0.43125947112230023,False
wavelet-HLL_firstorder_Mean,firstorder,630,-0.43121781483121346,6.453019976902792e-30,0.43121781483121346,False
log-sigma-5-0-mm-3D_glrlm_RunPercentage,glrlm,630,-0.43015373523531275,9.210299725144901e-30,0.43015373523531275,False
log-sigma-5-0-mm-3D_gldm_LargeDependenceEmphasis,gldm,630,0.43006180476243666,9.497227863900421e-30,0.43006180476243666,False
gradient_firstorder_10Percentile,firstorder,630,-0.429947873846492,9.865127554123584e-30,0.429947873846492,True
logarithm_glcm_MCC,glcm,630,-0.4281259150181927,1.8080412047822448e-29,0.4281259150181927,True
wavelet-LHL_glszm_SmallAreaEmphasis,glszm,630,-0.42754970965075795,2.1881843910162643e-29,0.42754970965075795,False
wavelet-HLL_glrlm_RunPercentage,glrlm,630,-0.42570349463662904,4.0230098663094453e-29,0.42570349463662904,False
wavelet-LHL_glszm_SizeZoneNonUniformityNormalized,glszm,630,-0.4255009207996226,4.3000158129483704e-29,0.4255009207996226,False
wavelet-HLL_glrlm_RunVariance,glrlm,630,0.4247988587232305,5.414308891397464e-29,0.4247988587232305,False
gradient_glszm_SizeZoneNonUniformity,glszm,630,0.42475283524033614,5.496611821058346e-29,0.42475283524033614,True
wavelet-HLL_firstorder_90Percentile,firstorder,630,-0.42474400487448366,5.512543999083066e-29,0.42474400487448366,True
wavelet-LLH_glcm_Id,glcm,630,0.4246629718704514,5.660898513840657e-29,0.4246629718704514,False
lbp-3D-k_gldm_SmallDependenceHighGrayLevelEmphasis,gldm,630,-0.42262757254145106,1.100411990824964e-28,0.42262757254145106,True
wavelet-LHL_gldm_DependenceEntropy,gldm,630,0.4225595931217225,1.1250258868242973e-28,0.4225595931217225,False
wavelet-HLL_glrlm_LongRunEmphasis,glrlm,630,0.42231440649595947,1.2184153310581734e-28,0.42231440649595947,False
wavelet-HLH_glszm_ZoneVariance,glszm,630,0.42223231768731434,1.251365309459003e-28,0.42223231768731434,False
wavelet-HLL_glrlm_RunLengthNonUniformityNormalized,glrlm,630,-0.42209261554059363,1.3094803965302554e-28,0.42209261554059363,False
wavelet-HLH_glszm_LargeAreaEmphasis,glszm,630,0.42108183164924073,1.8174675387427916e-28,0.42108183164924073,True
gradient_firstorder_Minimum,firstorder,630,-0.42087474491973065,1.9434572674122583e-28,0.42087474491973065,True
wavelet-LLL_gldm_DependenceEntropy,gldm,630,0.42028519802127967,2.3514274544793146e-28,0.42028519802127967,False
wavelet-HHL_gldm_DependenceNonUniformityNormalized,gldm,630,-0.42018815997913966,2.426260494786941e-28,0.42018815997913966,False
log-sigma-5-0-mm-3D_glcm_Imc1,glcm,630,0.42003466038577447,2.5494750687132276e-28,0.42003466038577447,False
logarithm_glcm_Imc1,glcm,630,0.4197601751820062,2.7854341422911905e-28,0.4197601751820062,False
wavelet-HLL_glrlm_ShortRunEmphasis,glrlm,630,-0.41973027671501656,2.8124064524502726e-28,0.41973027671501656,False
wavelet-HLL_firstorder_RootMeanSquared,firstorder,630,-0.4190949222937057,3.4507677941621026e-28,0.4190949222937057,False
lbp-3D-m2_glcm_Imc1,glcm,630,0.4185170132415549,4.154861576120676e-28,0.4185170132415549,False
gradient_firstorder_Median,firstorder,630,-0.41758504971072574,5.601084131562279e-28,0.41758504971072574,True
wavelet-HLL_firstorder_Skewness,firstorder,630,-0.41735701990992075,6.024882734484501e-28,0.41735701990992075,True
log-sigma-5-0-mm-3D_gldm_SmallDependenceEmphasis,gldm,630,-0.4171878992073979,6.359546075758805e-28,0.4171878992073979,False
log-sigma-3-0-mm-3D_gldm_DependenceVariance,gldm,630,0.41667482615669665,7.491517069613715e-28,0.41667482615669665,False
gradient_glrlm_ShortRunLowGrayLevelEmphasis,glrlm,630,0.41578312717451027,9.952276241787745e-28,0.41578312717451027,True
wavelet-LLL_glszm_SmallAreaEmphasis,glszm,630,-0.4153212896260207,1.1525638320468528e-27,0.4153212896260207,False
wavelet-LHH_glszm_ZoneVariance,glszm,630,0.41437309308789366,1.5567687532005022e-27,0.41437309308789366,False
wavelet-LLL_glszm_SizeZoneNonUniformityNormalized,glszm,630,-0.41399855839478955,1.7525874930072523e-27,0.41399855839478955,False
wavelet-HHL_glrlm_RunPercentage,glrlm,630,-0.4134795443608043,2.064796879718996e-27,0.4134795443608043,False
lbp-3D-k_glrlm_HighGrayLevelRunEmphasis,glrlm,630,0.41334952153756926,2.151266301841912e-27,0.41334952153756926,True
lbp-3D-k_glrlm_LowGrayLevelRunEmphasis,glrlm,630,-0.4131584209026528,2.2848949594400612e-27,0.4131584209026528,False
wavelet-HHL_gldm_SmallDependenceEmphasis,gldm,630,-0.41244088169045934,2.8640848168920743e-27,0.41244088169045934,False
squareroot_glszm_SizeZoneNonUniformity,glszm,630,0.41128067239879074,4.12226931997759e-27,0.41128067239879074,False
wavelet-HHL_glrlm_RunLengthNonUniformityNormalized,glrlm,630,-0.40985552813598797,6.435086284139186e-27,0.40985552813598797,False
lbp-3D-k_glrlm_GrayLevelVariance,glrlm,630,0.40960035935752204,6.967663866717031e-27,0.40960035935752204,False
wavelet-HLH_glrlm_ShortRunLowGrayLevelEmphasis,glrlm,630,-0.40930782949309885,7.63202113117784e-27,0.40930782949309885,False
lbp-3D-k_glrlm_GrayLevelNonUniformityNormalized,glrlm,630,-0.4089550227835084,8.517062248880331e-27,0.4089550227835084,False
wavelet-HHL_glrlm_RunVariance,glrlm,630,0.40821852707940337,1.0704791630934184e-26,0.40821852707940337,False
wavelet-HHL_glrlm_LongRunEmphasis,glrlm,630,0.4074006384378754,1.3789537756607724e-26,0.4074006384378754,False
wavelet-HHL_gldm_LargeDependenceEmphasis,gldm,630,0.4073115909170096,1.4174392926799086e-26,0.4073115909170096,True
wavelet-HLL_gldm_LargeDependenceEmphasis,gldm,630,0.40704538418122804,1.5389397511947338e-26,0.40704538418122804,True
wavelet-LHH_glszm_LargeAreaEmphasis,glszm,630,0.4061676629823651,2.0172428365523593e-26,0.4061676629823651,True
wavelet-HHL_glrlm_ShortRunEmphasis,glrlm,630,-0.40594185240081926,2.16242082719143e-26,0.40594185240081926,False
wavelet-HLL_glcm_ClusterShade,glcm,630,-0.4055297046728778,2.454531993177251e-26,0.4055297046728778,True
log-sigma-5-0-mm-3D_glrlm_ShortRunEmphasis,glrlm,630,-0.4054894401242352,2.4850810226858501e-26,0.4054894401242352,False
wavelet-LHH_gldm_DependenceVariance,gldm,630,0.4043692794211748,3.503418212277152e-26,0.4043692794211748,False
log-sigma-5-0-mm-3D_gldm_DependenceVariance,gldm,630,0.4029838238135895,5.347924540067259e-26,0.4029838238135895,True
log-sigma-5-0-mm-3D_gldm_DependenceNonUniformityNormalized,gldm,630,-0.402126438481319,6.941144743659405e-26,0.402126438481319,True
wavelet-HHH_glrlm_ShortRunLowGrayLevelEmphasis,glrlm,630,-0.40069623115548664,1.0705422547769737e-25,0.40069623115548664,False
wavelet-HLH_glrlm_LowGrayLevelRunEmphasis,glrlm,630,-0.3991859026568784,1.6878209280722811e-25,0.3991859026568784,False
wavelet-HHH_gldm_LargeDependenceHighGrayLevelEmphasis,gldm,630,0.39890966577727544,1.8339168595103478e-25,0.39890966577727544,True
wavelet-HLH_gldm_LowGrayLevelEmphasis,gldm,630,-0.3988777996744164,1.8515544580059198e-25,0.3988777996744164,False
lbp-3D-m2_glcm_JointEntropy,glcm,630,0.39838301123996406,2.1479413232291407e-25,0.39838301123996406,True
wavelet-LHH_gldm_LargeDependenceEmphasis,gldm,630,0.3980727582091329,2.3572320395397243e-25,0.3980727582091329,True
wavelet-LHL_firstorder_InterquartileRange,firstorder,630,-0.39757431289767925,2.736442942892017e-25,0.39757431289767925,True
wavelet-LHL_firstorder_RobustMeanAbsoluteDeviation,firstorder,630,-0.3953790071609587,5.262684845198911e-25,0.3953790071609587,False
log-sigma-5-0-mm-3D_glcm_Imc2,glcm,630,-0.3952593892974406,5.452830670816625e-25,0.3952593892974406,True
wavelet-LHH_glrlm_RunLengthNonUniformityNormalized,glrlm,630,-0.39285563413637054,1.1093051760096075e-24,0.39285563413637054,False
wavelet-LHH_glrlm_RunPercentage,glrlm,630,-0.39251915079803285,1.2246826677998835e-24,0.39251915079803285,False
wavelet-LHH_glszm_ZoneEntropy,glszm,630,0.3919103530700846,1.4643598129982194e-24,0.3919103530700846,True
lbp-3D-k_gldm_LargeDependenceHighGrayLevelEmphasis,gldm,630,0.39146773098172827,1.6671795075545834e-24,0.39146773098172827,True
wavelet-HHL_glcm_Idn,glcm,630,0.3914434954667526,1.6790532204317184e-24,0.3914434954667526,False
wavelet-HLH_glszm_SmallAreaLowGrayLevelEmphasis,glszm,630,-0.39121160238088715,1.7969749075292946e-24,0.39121160238088715,False
wavelet-LHH_glrlm_ShortRunEmphasis,glrlm,630,-0.39014759128678006,2.451860233638617e-24,0.39014759128678006,False
wavelet-HHH_gldm_LowGrayLevelEmphasis,gldm,630,-0.3898468309454889,2.676414442808361e-24,0.3898468309454889,False
log-sigma-5-0-mm-3D_glrlm_RunLengthNonUniformityNormalized,glrlm,630,-0.3897143994532608,2.781624758746278e-24,0.3897143994532608,False
wavelet-HHH_glrlm_LowGrayLevelRunEmphasis,glrlm,630,-0.3889465415530437,3.477280149622938e-24,0.3889465415530437,False
original_glszm_ZonePercentage,glszm,630,-0.3878322742231336,4.8024236666602284e-24,0.3878322742231336,False
wavelet-LHH_gldm_DependenceNonUniformityNormalized,gldm,630,-0.3872510393226864,5.680555997238015e-24,0.3872510393226864,False
wavelet-HHL_gldm_DependenceVariance,gldm,630,0.38705465966470587,6.011718172273538e-24,0.38705465966470587,False
wavelet-LHH_glrlm_RunVariance,glrlm,630,0.3869734107006392,6.1542455852296994e-24,0.3869734107006392,False
lbp-3D-m2_glcm_SumEntropy,glcm,630,0.38680016276190266,6.469402179696304e-24,0.38680016276190266,False
wavelet-LHH_glrlm_LongRunEmphasis,glrlm,630,0.3864317349431548,7.193587563439463e-24,0.3864317349431548,False
wavelet-LHH_glszm_ZonePercentage,glszm,630,-0.3863117565896684,7.446278959762124e-24,0.3863117565896684,False
wavelet-LHL_glszm_LargeAreaHighGrayLevelEmphasis,glszm,630,0.3860088372046103,8.123959765770717e-24,0.3860088372046103,False
wavelet-LHL_glszm_ZoneEntropy,glszm,630,0.3855333651954603,9.312471939573579e-24,0.3855333651954603,True
wavelet-LHL_firstorder_10Percentile,firstorder,630,0.3851832459885207,1.0295965458590256e-23,0.3851832459885207,False
original_gldm_SmallDependenceEmphasis,gldm,630,-0.3845151856197725,1.2465740735189382e-23,0.3845151856197725,False
wavelet-HLL_firstorder_Kurtosis,firstorder,630,0.38415227677968244,1.3827814294599973e-23,0.38415227677968244,True
original_glcm_JointEntropy,glcm,630,0.3830120077978601,1.9137691490738606e-23,0.3830120077978601,False
original_glszm_LargeAreaEmphasis,glszm,630,0.3826889979431298,2.0978235323536757e-23,0.3826889979431298,True
wavelet-HHH_glcm_Idmn,glcm,630,0.38078615571404667,3.595800856748193e-23,0.38078615571404667,False
wavelet-HHH_glszm_ZoneVariance,glszm,630,0.3806540601596499,3.732369854196756e-23,0.3806540601596499,False
original_gldm_DependenceNonUniformityNormalized,gldm,630,-0.38047078207709184,3.9303765205555785e-23,0.38047078207709184,False
lbp-3D-m2_glszm_GrayLevelNonUniformity,glszm,630,0.3795883714529099,5.038719426321668e-23,0.3795883714529099,False
original_glszm_ZoneVariance,glszm,630,0.3783267113987305,7.177979492573249e-23,0.3783267113987305,False
lbp-3D-m1_gldm_DependenceEntropy,gldm,630,0.37770987701018344,8.528917964871913e-23,0.37770987701018344,True
wavelet-HHH_glszm_LargeAreaEmphasis,glszm,630,0.37693364465974205,1.059036626541353e-22,0.37693364465974205,True
wavelet-HLH_gldm_DependenceNonUniformityNormalized,gldm,630,-0.37540618333173537,1.6187418234561768e-22,0.37540618333173537,False
wavelet-LHH_gldm_SmallDependenceEmphasis,gldm,630,-0.37487192220209997,1.8767128205663858e-22,0.37487192220209997,False
lbp-3D-m1_glszm_SmallAreaHighGrayLevelEmphasis,glszm,630,0.3745167879232496,2.0702379477127045e-22,0.3745167879232496,True
wavelet-HLH_glszm_LowGrayLevelZoneEmphasis,glszm,630,-0.37411462234801096,2.3132558903303163e-22,0.37411462234801096,True
original_glrlm_RunLengthNonUniformityNormalized,glrlm,630,-0.3733938677308603,2.821266872388509e-22,0.3733938677308603,False
original_glszm_SizeZoneNonUniformityNormalized,glszm,630,-0.37308125358323446,3.074492265181881e-22,0.37308125358323446,True
original_glrlm_RunPercentage,glrlm,630,-0.3730743981901334,3.080289608712275e-22,0.3730743981901334,False
gradient_glcm_SumAverage,glcm,630,-0.37299923676126756,3.144562917706117e-22,0.37299923676126756,False
gradient_glcm_JointAverage,glcm,630,-0.37299923676126756,3.144562917706117e-22,0.37299923676126756,False
wavelet-HLH_glszm_ZonePercentage,glszm,630,-0.3727457128808171,3.3712815375747377e-22,0.3727457128808171,True
squareroot_glcm_Imc2,glcm,630,-0.3725636693673694,3.543958763013121e-22,0.3725636693673694,False
lbp-3D-m1_glszm_GrayLevelNonUniformityNormalized,glszm,630,0.37111438256581497,5.268720953505529e-22,0.37111438256581497,False
original_glrlm_RunVariance,glrlm,630,0.37042312149715817,6.361212828467655e-22,0.37042312149715817,False
original_glszm_SmallAreaEmphasis,glszm,630,-0.3703699473375681,6.453966998650869e-22,0.3703699473375681,False
wavelet-HHH_glszm_SmallAreaLowGrayLevelEmphasis,glszm,630,-0.3701343109444391,6.881325576499193e-22,0.3701343109444391,False
lbp-3D-m1_firstorder_Range,firstorder,630,0.3700199914071853,7.098606116465406e-22,0.3700199914071853,False
log-sigma-4-0-mm-3D_glszm_LargeAreaLowGrayLevelEmphasis,glszm,630,0.3699413146603313,7.252062723250831e-22,0.3699413146603313,False
original_glrlm_ShortRunEmphasis,glrlm,630,-0.3695502110379677,8.064858973152662e-22,0.3695502110379677,False
lbp-3D-m1_glcm_Imc1,glcm,630,0.3693656851863218,8.47894507034186e-22,0.3693656851863218,False
lbp-3D-m1_glrlm_RunEntropy,glrlm,630,0.3689216953510807,9.563244688756083e-22,0.3689216953510807,True
original_glrlm_LongRunEmphasis,glrlm,630,0.3682523392221259,1.1461559966665906e-21,0.3682523392221259,False
original_gldm_LargeDependenceEmphasis,gldm,630,0.3673783217848695,1.450938654535359e-21,0.3673783217848695,True
gradient_glcm_Autocorrelation,glcm,630,-0.3647798458417506,2.912409474512459e-21,0.3647798458417506,False
log-sigma-3-0-mm-3D_gldm_SmallDependenceLowGrayLevelEmphasis,gldm,630,-0.3647213926590966,2.9582017963922145e-21,0.3647213926590966,True
lbp-3D-m2_glcm_JointEnergy,glcm,630,-0.36462886578212045,3.0321439833967555e-21,0.36462886578212045,False
wavelet-HLH_glrlm_RunPercentage,glrlm,630,-0.3645589482198883,3.089225118510381e-21,0.3645589482198883,False
wavelet-HLH_glrlm_RunVariance,glrlm,630,0.3637891891726737,3.7922071470187576e-21,0.3637891891726737,False
wavelet-HLL_gldm_DependenceVariance,gldm,630,0.3619904340502966,6.109767513758505e-21,0.3619904340502966,False
wavelet-LLH_firstorder_Kurtosis,firstorder,630,0.36115622842838896,7.614486930797938e-21,0.36115622842838896,False
wavelet-HLH_glrlm_RunLengthNonUniformityNormalized,glrlm,630,-0.3609999693456947,7.934500717505226e-21,0.3609999693456947,False
wavelet-HLL_glcm_Idn,glcm,630,0.3606986571065377,8.589491858847431e-21,0.3606986571065377,True
lbp-3D-k_glrlm_LongRunHighGrayLevelEmphasis,glrlm,630,0.36064068383507136,8.721498754186604e-21,0.36064068383507136,True
wavelet-HLH_gldm_LargeDependenceEmphasis,gldm,630,0.3601421847307251,9.942380235110308e-21,0.3601421847307251,True
lbp-3D-k_firstorder_Range,firstorder,630,0.3596484674546347,1.1317354929776285e-20,0.3596484674546347,True
wavelet-HHH_glcm_Idn,glcm,630,0.35952853764884446,1.1678713369597429e-20,0.35952853764884446,True
lbp-3D-m2_glrlm_GrayLevelVariance,glrlm,630,0.35917719466837644,1.2804141819167543e-20,0.35917719466837644,False
wavelet-LHH_firstorder_Kurtosis,firstorder,630,0.3591058558703344,1.3045394082391204e-20,0.3591058558703344,False
lbp-3D-m2_glcm_DifferenceEntropy,glcm,630,0.35902849418688754,1.3312083613729153e-20,0.35902849418688754,False
lbp-3D-m2_glrlm_LowGrayLevelRunEmphasis,glrlm,630,0.35902287922599213,1.333164811930008e-20,0.35902287922599213,False
wavelet-HLH_glrlm_LongRunLowGrayLevelEmphasis,glrlm,630,-0.3588592295110084,1.3914490117192908e-20,0.3588592295110084,False
wavelet-HLH_glrlm_LongRunEmphasis,glrlm,630,0.35872857369017463,1.4397807044521933e-20,0.35872857369017463,False
wavelet-LHL_glcm_Idm,glcm,630,0.35870673773113715,1.448018119482139e-20,0.35870673773113715,False
lbp-3D-m2_glcm_Imc2,glcm,630,-0.358511821802279,1.5236383847052298e-20,0.358511821802279,True
log-sigma-3-0-mm-3D_glszm_LargeAreaLowGrayLevelEmphasis,glszm,630,0.35739185306369364,2.0399334847637592e-20,0.35739185306369364,False
wavelet-HLH_glrlm_ShortRunEmphasis,glrlm,630,-0.3570282963435003,2.242060642769058e-20,0.3570282963435003,False
lbp-3D-m2_glrlm_GrayLevelNonUniformityNormalized,glrlm,630,-0.3563570205697949,2.668511054512084e-20,0.3563570205697949,False
wavelet-LHL_glcm_Id,glcm,630,0.35584018021627073,3.0504933633592315e-20,0.35584018021627073,False
lbp-3D-m2_glrlm_ShortRunLowGrayLevelEmphasis,glrlm,630,0.3535734396992707,5.469261783635408e-20,0.3535734396992707,False
lbp-3D-m1_gldm_SmallDependenceEmphasis,gldm,630,-0.3531809923255816,6.048118863180503e-20,0.3531809923255816,False
wavelet-LHL_glcm_InverseVariance,glcm,630,0.3516081074036652,9.038950810715227e-20,0.3516081074036652,False
wavelet-LHL_gldm_LargeDependenceHighGrayLevelEmphasis,gldm,630,0.34918141248782614,1.672704150491859e-19,0.34918141248782614,False
squareroot_glszm_SizeZoneNonUniformityNormalized,glszm,630,-0.3488346526592,1.8256826013688576e-19,0.3488346526592,False
squareroot_glszm_ZonePercentage,glszm,630,-0.347978518258774,2.264948418255377e-19,0.347978518258774,False
log-sigma-3-0-mm-3D_firstorder_90Percentile,firstorder,630,-0.34788507638778476,2.3187844043613656e-19,0.34788507638778476,True
logarithm_gldm_DependenceNonUniformity,gldm,630,0.3477991482896386,2.369403589667962e-19,0.3477991482896386,False
squareroot_gldm_SmallDependenceEmphasis,gldm,630,-0.3477933653598276,2.372849093613631e-19,0.3477933653598276,False
squareroot_glszm_SmallAreaEmphasis,glszm,630,-0.3477895980570046,2.3750963311333803e-19,0.3477895980570046,False
wavelet-HLH_glcm_Idn,glcm,630,0.34645280544384555,3.320538290965495e-19,0.34645280544384555,True
wavelet-HHL_glszm_ZoneEntropy,glszm,630,0.34591880826536336,3.794421237159543e-19,0.34591880826536336,False
lbp-3D-m1_glcm_Imc2,glcm,630,-0.34538337135331826,4.336376170492739e-19,0.34538337135331826,True
squareroot_gldm_DependenceNonUniformityNormalized,gldm,630,-0.3448755533301216,4.920556242818891e-19,0.3448755533301216,False
wavelet-HLL_firstorder_RobustMeanAbsoluteDeviation,firstorder,630,-0.3446907635273225,5.151837597518563e-19,0.3446907635273225,False
lbp-3D-m2_firstorder_10Percentile,firstorder,630,-0.34431033792888377,5.662223826410988e-19,0.34431033792888377,False
wavelet-LLH_glcm_Idmn,glcm,630,0.3431978078137068,7.458277283587069e-19,0.3431978078137068,False
squareroot_glszm_LargeAreaEmphasis,glszm,630,0.3430782941647789,7.681808744443318e-19,0.3430782941647789,False
log-sigma-3-0-mm-3D_gldm_DependenceEntropy,gldm,630,0.3429376959500082,7.953237175026514e-19,0.3429376959500082,True
square_glszm_SizeZoneNonUniformity,glszm,630,0.3422888847712625,9.333306398513773e-19,0.3422888847712625,True
wavelet-HHH_glszm_LowGrayLevelZoneEmphasis,glszm,630,-0.34138321562213764,1.1661795879672912e-18,0.34138321562213764,True
wavelet-HLH_gldm_SmallDependenceEmphasis,gldm,630,-0.3407830386908805,1.351115536728669e-18,0.3407830386908805,False
square_gldm_LargeDependenceHighGrayLevelEmphasis,gldm,630,0.34077879147686996,1.3525221260405552e-18,0.34077879147686996,True
lbp-3D-m2_firstorder_Minimum,firstorder,630,-0.3407277363187337,1.3695438578394656e-18,0.3407277363187337,True
wavelet-HHH_glrlm_LongRunLowGrayLevelEmphasis,glrlm,630,-0.3407148673066769,1.3738675675981197e-18,0.3407148673066769,False
squareroot_glrlm_RunLengthNonUniformityNormalized,glrlm,630,-0.3406436964775505,1.398023381019994e-18,0.3406436964775505,False
wavelet-LHH_glszm_SmallAreaEmphasis,glszm,630,-0.34032683511591405,1.510745605267151e-18,0.34032683511591405,False
lbp-3D-m1_firstorder_Minimum,firstorder,630,-0.340069996196642,1.6086459402349824e-18,0.340069996196642,False
square_gldm_SmallDependenceLowGrayLevelEmphasis,gldm,630,-0.33992344576714695,1.6672803661817834e-18,0.33992344576714695,True
wavelet-HLH_glcm_Idmn,glcm,630,0.33932897977902265,1.927494870810492e-18,0.33932897977902265,False
lbp-3D-m1_glrlm_ShortRunLowGrayLevelEmphasis,glrlm,630,0.33887839116495155,2.151013565129218e-18,0.33887839116495155,False
wavelet-HLL_glrlm_LongRunHighGrayLevelEmphasis,glrlm,630,0.3387173569659404,2.236936389981195e-18,0.3387173569659404,True
wavelet-LHH_glszm_SizeZoneNonUniformityNormalized,glszm,630,-0.3386525689556096,2.2724511589412483e-18,0.3386525689556096,True
original_gldm_DependenceVariance,gldm,630,0.3385941877596337,2.3049292955346557e-18,0.3385941877596337,False
squareroot_glrlm_RunPercentage,glrlm,630,-0.3384881120704189,2.3651146958145923e-18,0.3384881120704189,False
squareroot_glrlm_ShortRunEmphasis,glrlm,630,-0.3383839626638899,2.4257124125677993e-18,0.3383839626638899,False
lbp-3D-m1_glrlm_LowGrayLevelRunEmphasis,glrlm,630,0.3381418234741684,2.5725709437257564e-18,0.3381418234741684,False
wavelet-HHH_glszm_ZoneEntropy,glszm,630,0.3374967028601891,3.0079509457474858e-18,0.3374967028601891,False
squareroot_glszm_ZoneVariance,glszm,630,0.3371446880040584,3.2753328066579728e-18,0.3371446880040584,False
logarithm_glcm_Imc2,glcm,630,-0.3369061241526847,3.469711151906472e-18,0.3369061241526847,False
lbp-3D-m2_glrlm_ShortRunHighGrayLevelEmphasis,glrlm,630,-0.33675140078579097,3.60180572862585e-18,0.33675140078579097,True
wavelet-HLL_firstorder_Minimum,firstorder,630,-0.33514021895110124,5.30826579476308e-18,0.33514021895110124,False
lbp-3D-m2_firstorder_Range,firstorder,630,0.334523737406068,6.153714193254358e-18,0.334523737406068,True
wavelet-HLH_gldm_DependenceVariance,gldm,630,0.3337574988372854,7.391151289747596e-18,0.3337574988372854,False
squareroot_glrlm_LongRunEmphasis,glrlm,630,0.33339581377072375,8.057418427154841e-18,0.33339581377072375,False
lbp-3D-m2_gldm_SmallDependenceHighGrayLevelEmphasis,gldm,630,-0.33316236097349844,8.518512834989163e-18,0.33316236097349844,True
squareroot_gldm_LargeDependenceEmphasis,gldm,630,0.333051605463149,8.746259262316248e-18,0.333051605463149,False
gradient_glcm_MaximumProbability,glcm,630,0.3322578963537209,1.0563353990914528e-17,0.3322578963537209,False
squareroot_glcm_JointEnergy,glcm,630,-0.3315415809150559,1.2519373182333933e-17,0.3315415809150559,False
gradient_glszm_LargeAreaHighGrayLevelEmphasis,glszm,630,0.33093084593767086,1.4465556086508663e-17,0.33093084593767086,True
logarithm_glszm_SizeZoneNonUniformityNormalized,glszm,630,-0.33085146862723586,1.4739431559650648e-17,0.33085146862723586,True
wavelet-HHL_gldm_LargeDependenceHighGrayLevelEmphasis,gldm,630,0.3305405341687667,1.5862276543451447e-17,0.3305405341687667,False
squareroot_glrlm_RunVariance,glrlm,630,0.3304365134188467,1.625639248946118e-17,0.3304365134188467,False
wavelet-HLH_gldm_LargeDependenceHighGrayLevelEmphasis,gldm,630,0.3303095289185983,1.675059802146263e-17,0.3303095289185983,True
logarithm_glszm_SmallAreaEmphasis,glszm,630,-0.3289649857397589,2.2981028436224898e-17,0.3289649857397589,False
logarithm_gldm_SmallDependenceEmphasis,gldm,630,-0.3286147705505818,2.494770630147986e-17,0.3286147705505818,False
logarithm_glszm_ZonePercentage,glszm,630,-0.3282287418052922,2.7307699161723863e-17,0.3282287418052922,False
log-sigma-5-0-mm-3D_glszm_LargeAreaLowGrayLevelEmphasis,glszm,630,0.3274738056975375,3.25755120648083e-17,0.3274738056975375,False
logarithm_gldm_DependenceNonUniformityNormalized,gldm,630,-0.32676857620730687,3.83937302414483e-17,0.32676857620730687,False
wavelet-LHH_glszm_LargeAreaLowGrayLevelEmphasis,glszm,630,-0.3256218284244515,5.0108714175972267e-17,0.3256218284244515,True
wavelet-LLL_glcm_InverseVariance,glcm,630,0.3255730454522283,5.0678326124851683e-17,0.3255730454522283,False
wavelet-LLL_glcm_Idm,glcm,630,0.3252924173852584,5.408096602892775e-17,0.3252924173852584,False
gradient_firstorder_Mean,firstorder,630,-0.323792694923897,7.644873336734406e-17,0.323792694923897,False
lbp-3D-m2_glcm_DifferenceVariance,glcm,630,0.32363710771686555,7.923511988738559e-17,0.32363710771686555,True
wavelet-HLL_firstorder_InterquartileRange,firstorder,630,-0.32349063882239915,8.194939345569266e-17,0.32349063882239915,True
wavelet-LLH_firstorder_InterquartileRange,firstorder,630,-0.32288136757413627,9.425595025709428e-17,0.32288136757413627,True
wavelet-LHH_gldm_LargeDependenceLowGrayLevelEmphasis,gldm,630,-0.3227978390319283,9.607897918988962e-17,0.3227978390319283,True
original_glcm_Idmn,glcm,630,0.3225571155802103,1.0152906921488866e-16,0.3225571155802103,False
wavelet-HLL_glcm_SumAverage,glcm,630,0.3224991183131845,1.0288696002294693e-16,0.3224991183131845,False
wavelet-HLL_glcm_JointAverage,glcm,630,0.3224991183131845,1.0288696002294693e-16,0.3224991183131845,False
gradient_firstorder_RootMeanSquared,firstorder,630,-0.3220560403091999,1.1386737443125721e-16,0.3220560403091999,False
logarithm_glszm_LargeAreaEmphasis,glszm,630,0.3216350862109653,1.2536371718816642e-16,0.3216350862109653,False
wavelet-HLL_glcm_Autocorrelation,glcm,630,0.3208493756145682,1.499562927406947e-16,0.3208493756145682,False
gradient_glszm_ZonePercentage,glszm,630,-0.320781473168131,1.5229195341693836e-16,0.320781473168131,True
lbp-3D-m2_gldm_LowGrayLevelEmphasis,gldm,630,0.32055758961248576,1.6024928983376156e-16,0.32055758961248576,False
square_glrlm_ShortRunLowGrayLevelEmphasis,glrlm,630,-0.3200658726096342,1.791890777167799e-16,0.3200658726096342,False
squareroot_gldm_DependenceVariance,gldm,630,0.31755576912938416,3.159236948253305e-16,0.31755576912938416,False
logarithm_glszm_ZoneVariance,glszm,630,0.3167100696345326,3.81973555104909e-16,0.3167100696345326,False
wavelet-HHL_glszm_LargeAreaLowGrayLevelEmphasis,glszm,630,0.3157928153816046,4.68990511023659e-16,0.3157928153816046,False
square_glcm_Imc1,glcm,630,0.31576435664817787,4.719809800368471e-16,0.31576435664817787,True
wavelet-LHL_firstorder_Uniformity,firstorder,630,0.31571228628431935,4.775011858468742e-16,0.31571228628431935,False
logarithm_glrlm_RunLengthNonUniformityNormalized,glrlm,630,-0.31485446903198,5.781301993365098e-16,0.31485446903198,False
logarithm_glrlm_RunPercentage,glrlm,630,-0.31435288403316763,6.463428672692611e-16,0.31435288403316763,False
wavelet-HLL_gldm_HighGrayLevelEmphasis,gldm,630,0.3142301525679848,6.642032023755142e-16,0.3142301525679848,False
wavelet-HLL_glrlm_HighGrayLevelRunEmphasis,glrlm,630,0.3136658010068846,7.527738059362739e-16,0.3136658010068846,False
logarithm_glrlm_ShortRunEmphasis,glrlm,630,-0.31319601594530816,8.352759447039976e-16,0.31319601594530816,False
lbp-3D-m2_firstorder_Entropy,firstorder,630,0.31297261728746373,8.775653838648033e-16,0.31297261728746373,False
lbp-3D-m2_glrlm_LongRunLowGrayLevelEmphasis,glrlm,630,0.3129334325389933,8.851969626139909e-16,0.3129334325389933,True
lbp-3D-m2_glcm_SumSquares,glcm,630,0.3123830943845721,9.99528167277249e-16,0.3123830943845721,False
wavelet-LHL_glrlm_GrayLevelNonUniformityNormalized,glrlm,630,0.31208797299973556,1.066694007979005e-15,0.31208797299973556,False
log-sigma-4-0-mm-3D_glcm_Idm,glcm,630,0.3118581435319769,1.122054477940391e-15,0.3118581435319769,True
wavelet-HHH_glszm_ZonePercentage,glszm,630,-0.31179753668043536,1.1371176282673016e-15,0.31179753668043536,False
logarithm_glrlm_LongRunEmphasis,glrlm,630,0.311762113303331,1.1460135425575876e-15,0.311762113303331,False
logarithm_glrlm_RunVariance,glrlm,630,0.3114779818846913,1.2198860087381108e-15,0.3114779818846913,False
wavelet-LHH_glcm_MCC,glcm,630,-0.3109647888561931,1.3653557932051014e-15,0.3109647888561931,True
wavelet-HLH_glcm_JointEntropy,glcm,630,0.30969004875959527,1.804528007687105e-15,0.30969004875959527,False
log-sigma-3-0-mm-3D_firstorder_RobustMeanAbsoluteDeviation,firstorder,630,-0.30893733205734814,2.126209538715383e-15,0.30893733205734814,False
lbp-3D-k_glrlm_ShortRunLowGrayLevelEmphasis,glrlm,630,-0.308270903386638,2.457598146692673e-15,0.308270903386638,False
wavelet-LLL_glcm_Id,glcm,630,0.30818931848473985,2.5015013370042884e-15,0.30818931848473985,False
wavelet-HLL_glrlm_ShortRunHighGrayLevelEmphasis,glrlm,630,0.3078139079582119,2.7136543550201304e-15,0.3078139079582119,False
lbp-3D-m1_firstorder_10Percentile,firstorder,630,-0.30760448596284384,2.8395826260074758e-15,0.30760448596284384,True
original_glcm_Idn,glcm,630,0.3074586057104458,2.930676578557688e-15,0.3074586057104458,True
lbp-3D-m2_glszm_LowGrayLevelZoneEmphasis,glszm,630,0.307327130151378,3.015231142864393e-15,0.307327130151378,True
log-sigma-5-0-mm-3D_glszm_ZoneEntropy,glszm,630,0.3072783030772511,3.0472392106281774e-15,0.3072783030772511,True
log-sigma-3-0-mm-3D_firstorder_InterquartileRange,firstorder,630,-0.3072745597699876,3.0497068246863917e-15,0.3072745597699876,True
logarithm_gldm_LargeDependenceEmphasis,gldm,630,0.30716829080815816,3.1205847389949492e-15,0.30716829080815816,True
lbp-3D-m1_glszm_HighGrayLevelZoneEmphasis,glszm,630,0.30715874908113233,3.1270273578431793e-15,0.30715874908113233,True
wavelet-HLL_glszm_HighGrayLevelZoneEmphasis,glszm,630,0.3066702316069574,3.474929713651865e-15,0.3066702316069574,False
wavelet-HHH_gldm_DependenceNonUniformityNormalized,gldm,630,-0.3055444559430017,4.427897761446605e-15,0.3055444559430017,False
wavelet-LHH_glszm_LargeAreaHighGrayLevelEmphasis,glszm,630,0.30472589542581097,5.277660640219727e-15,0.30472589542581097,False
squareroot_glcm_Idmn,glcm,630,0.30448581985419626,5.5559396372728615e-15,0.30448581985419626,False
lbp-3D-m2_glcm_Contrast,glcm,630,0.303965524140121,6.209412118027742e-15,0.303965524140121,False
wavelet-LLL_firstorder_Minimum,firstorder,630,-0.30308356735504366,7.493613005519298e-15,0.30308356735504366,True
gradient_glcm_Idm,glcm,630,0.30276663400672904,8.01606566827627e-15,0.30276663400672904,False
lbp-3D-m1_gldm_LowGrayLevelEmphasis,gldm,630,0.3024978597460937,8.487025938946206e-15,0.3024978597460937,False
log-sigma-4-0-mm-3D_glcm_Id,glcm,630,0.30216746488896595,9.103302675737937e-15,0.30216746488896595,False
lbp-3D-m2_gldm_GrayLevelVariance,gldm,630,0.30199342509676985,9.445388671485908e-15,0.30199342509676985,False
lbp-3D-m2_glcm_DifferenceAverage,glcm,630,0.30189283571184145,9.648825467047294e-15,0.30189283571184145,False
log-sigma-3-0-mm-3D_glszm_SizeZoneNonUniformityNormalized,glszm,630,-0.30073177340437224,1.233207637420955e-14,0.30073177340437224,False
squareroot_glcm_Idn,glcm,630,0.3000851542413743,1.4131068020279904e-14,0.3000851542413743,False
lbp-3D-m2_glcm_ClusterTendency,glcm,630,0.2997130071109222,1.528071714502971e-14,0.2997130071109222,False
wavelet-HHL_firstorder_Kurtosis,firstorder,630,0.29915038323009757,1.7195134896335458e-14,0.29915038323009757,False
log-sigma-3-0-mm-3D_firstorder_MeanAbsoluteDeviation,firstorder,630,-0.29803936483516164,2.169220952765558e-14,0.29803936483516164,False
lbp-3D-m2_glcm_Id,glcm,630,-0.2973019333042407,2.5294932302571327e-14,0.2973019333042407,False
lbp-3D-m2_glcm_MCC,glcm,630,-0.2970157622630536,2.6845857780077474e-14,0.2970157622630536,False
log-sigma-4-0-mm-3D_glszm_SizeZoneNonUniformityNormalized,glszm,630,-0.2969714940189916,2.7093962052752013e-14,0.2969714940189916,False
wavelet-LLL_firstorder_Median,firstorder,630,-0.296954381622155,2.7190471348722627e-14,0.296954381622155,False
wavelet-HHH_gldm_LargeDependenceEmphasis,gldm,630,0.29624342074749427,3.1512470735854974e-14,0.29624342074749427,False
wavelet-LHH_glcm_Idm,glcm,630,0.29613243773109144,3.224536031625641e-14,0.29613243773109144,False
wavelet-HHH_glrlm_RunPercentage,glrlm,630,-0.29575123345309295,3.489232625859255e-14,0.29575123345309295,False
wavelet-LLL_glszm_LargeAreaLowGrayLevelEmphasis,glszm,630,-0.295741790024356,3.4960533584888153e-14,0.295741790024356,False
lbp-3D-m1_firstorder_Mean,firstorder,630,-0.29560817784521976,3.593971190790593e-14,0.29560817784521976,False
lbp-3D-m1_firstorder_RootMeanSquared,firstorder,630,-0.2954411256653023,3.72018685690933e-14,0.2954411256653023,False
lbp-3D-m2_glcm_Idm,glcm,630,-0.2952334680944123,3.883156582085065e-14,0.2952334680944123,False
wavelet-HHL_firstorder_RobustMeanAbsoluteDeviation,firstorder,630,-0.294042856429007,4.961944366136613e-14,0.294042856429007,False
wavelet-HHH_glrlm_RunVariance,glrlm,630,0.2939864668644599,5.019749330198051e-14,0.2939864668644599,False
wavelet-HHH_glrlm_RunLengthNonUniformityNormalized,glrlm,630,-0.2921112138987736,7.36761447392889e-14,0.2921112138987736,False
wavelet-LHH_glcm_InverseVariance,glcm,630,0.29204642588844276,7.465558859761659e-14,0.29204642588844276,False
wavelet-LHL_firstorder_90Percentile,firstorder,630,-0.29203258045067954,7.486654936139549e-14,0.29203258045067954,False
wavelet-LLL_firstorder_10Percentile,firstorder,630,-0.29165054714976213,8.092376897626479e-14,0.29165054714976213,True
lbp-3D-m2_glcm_ClusterProminence,glcm,630,0.29138441240065877,8.542477436129368e-14,0.29138441240065877,True
wavelet-HHH_glrlm_LongRunEmphasis,glrlm,630,0.2909104761073092,9.40558002405171e-14,0.2909104761073092,False
lbp-3D-m2_firstorder_Variance,firstorder,630,0.29048911408456507,1.0244351953034856e-13,0.29048911408456507,True
exponential_gldm_DependenceEntropy,gldm,630,-0.2898844739792629,1.157743049659276e-13,0.2898844739792629,True
wavelet-LLL_firstorder_Mean,firstorder,630,-0.289755377869789,1.188335165531264e-13,0.289755377869789,True
lbp-3D-m1_glrlm_ShortRunHighGrayLevelEmphasis,glrlm,630,-0.2893351196427765,1.2935161992421936e-13,0.2893351196427765,False
wavelet-LHH_glcm_Id,glcm,630,0.28917530921729373,1.3358636158882313e-13,0.28917530921729373,False
wavelet-HHH_glrlm_ShortRunEmphasis,glrlm,630,-0.28890617502326765,1.4102718409344978e-13,0.28890617502326765,False
wavelet-HHH_gldm_SmallDependenceEmphasis,gldm,630,-0.28813490975361844,1.6467394584757928e-13,0.28813490975361844,False
wavelet-LHL_firstorder_MeanAbsoluteDeviation,firstorder,630,-0.2880764565709645,1.6661677883751526e-13,0.2880764565709645,False
logarithm_gldm_DependenceVariance,gldm,630,0.28726679840630437,1.9595386195488552e-13,0.28726679840630437,False
wavelet-HHH_gldm_DependenceVariance,gldm,630,0.2866517922193493,2.2156636805090632e-13,0.2866517922193493,True
gradient_gldm_SmallDependenceEmphasis,gldm,630,-0.28659847408640293,2.2393546197209677e-13,0.28659847408640293,False
log-sigma-3-0-mm-3D_glcm_Idm,glcm,630,0.28632737225650756,2.363707097556102e-13,0.28632737225650756,False
lbp-3D-m2_glszm_SizeZoneNonUniformity,glszm,630,0.28629957539668005,2.3768334577667865e-13,0.28629957539668005,True
wavelet-LLL_firstorder_RootMeanSquared,firstorder,630,-0.2862077064018706,2.420726465949883e-13,0.2862077064018706,False
log-sigma-4-0-mm-3D_gldm_SmallDependenceHighGrayLevelEmphasis,gldm,630,-0.2860694679842722,2.488274552055411e-13,0.2860694679842722,False
lbp-3D-m2_glcm_Idn,glcm,630,-0.2850574312717861,3.0422977567180544e-13,0.2850574312717861,True
wavelet-HHL_firstorder_MeanAbsoluteDeviation,firstorder,630,-0.2843804685505073,3.4785874369222825e-13,0.2843804685505073,False
exponential_gldm_DependenceNonUniformityNormalized,gldm,630,0.284245637502341,3.572531374985968e-13,0.284245637502341,True
gradient_glcm_JointEnergy,glcm,630,0.28417816198935947,3.6204738588445155e-13,0.28417816198935947,True
wavelet-HLH_firstorder_Kurtosis,firstorder,630,0.28402492634714743,3.731703577211451e-13,0.28402492634714743,True
lbp-3D-m2_glcm_Idmn,glcm,630,-0.2839573548519283,3.781809146063805e-13,0.2839573548519283,False
log-sigma-3-0-mm-3D_glcm_Id,glcm,630,0.28334357243850167,4.268186059801725e-13,0.28334357243850167,False
wavelet-LHL_glcm_DifferenceAverage,glcm,630,-0.28316259792964427,4.4229417705115636e-13,0.28316259792964427,False
logarithm_glcm_Idmn,glcm,630,0.2830838445037533,4.491989784285991e-13,0.2830838445037533,False
lbp-3D-m1_glrlm_HighGrayLevelRunEmphasis,glrlm,630,-0.2829356479290114,4.624797586998384e-13,0.2829356479290114,True
lbp-3D-k_firstorder_Maximum,firstorder,630,0.28197407387790524,5.584895290545601e-13,0.28197407387790524,False
original_glcm_JointEnergy,glcm,630,-0.28168586321417066,5.908914658843429e-13,0.28168586321417066,False
wavelet-HHL_firstorder_90Percentile,firstorder,630,-0.2816672426600904,5.930470485906479e-13,0.2816672426600904,False
wavelet-LHH_glcm_MaximumProbability,glcm,630,-0.2814815170304754,6.149732236659181e-13,0.2814815170304754,False
wavelet-HHL_firstorder_InterquartileRange,firstorder,630,-0.28044241332700665,7.530998358335792e-13,0.28044241332700665,False
log-sigma-3-0-mm-3D_firstorder_Variance,firstorder,630,-0.2795602885730136,8.938520808049294e-13,0.2795602885730136,False
log-sigma-3-0-mm-3D_gldm_GrayLevelVariance,gldm,630,-0.27936611650649623,9.281319229964774e-13,0.27936611650649623,False
logarithm_glcm_Idn,glcm,630,0.2792674467663183,9.460413464495949e-13,0.2792674467663183,True
wavelet-HHL_firstorder_10Percentile,firstorder,630,0.27914590925804966,9.685670073090695e-13,0.27914590925804966,False
log-sigma-4-0-mm-3D_gldm_SmallDependenceLowGrayLevelEmphasis,gldm,630,-0.27892229464017076,1.0113914767587415e-12,0.27892229464017076,True
wavelet-HLL_glszm_SmallAreaHighGrayLevelEmphasis,glszm,630,0.27881824989469134,1.0319437571464337e-12,0.27881824989469134,False
log-sigma-4-0-mm-3D_glcm_InverseVariance,glcm,630,0.2780460248026668,1.1978028312006404e-12,0.2780460248026668,False
lbp-3D-k_glrlm_ShortRunHighGrayLevelEmphasis,glrlm,630,0.27771229456278507,1.2773103399545942e-12,0.27771229456278507,False
wavelet-LLH_gldm_LargeDependenceHighGrayLevelEmphasis,gldm,630,0.2775324238496592,1.3222816726537356e-12,0.2775324238496592,True
original_firstorder_Minimum,firstorder,630,-0.276467956839924,1.621927577871237e-12,0.276467956839924,True
log-sigma-3-0-mm-3D_glcm_InverseVariance,glcm,630,0.27624573396448926,1.6923957254897785e-12,0.27624573396448926,True
log-sigma-3-0-mm-3D_glszm_SmallAreaEmphasis,glszm,630,-0.27560778802276525,1.9117582961907583e-12,0.27560778802276525,True
log-sigma-3-0-mm-3D_glrlm_GrayLevelVariance,glrlm,630,-0.27502162449818707,2.13769690675757e-12,0.27502162449818707,False
log-sigma-3-0-mm-3D_gldm_SmallDependenceHighGrayLevelEmphasis,gldm,630,-0.2749929498047258,2.149395692222449e-12,0.2749929498047258,False
log-sigma-5-0-mm-3D_gldm_LargeDependenceHighGrayLevelEmphasis,gldm,630,0.27485756685869384,2.205481148623405e-12,0.27485756685869384,True
lbp-3D-m2_firstorder_Uniformity,firstorder,630,-0.2743294725878195,2.4382692568581983e-12,0.2743294725878195,False
wavelet-LLL_glszm_ZoneEntropy,glszm,630,0.27369702162919385,2.748827733413085e-12,0.27369702162919385,False
wavelet-HHL_firstorder_Uniformity,firstorder,630,0.27368605565855636,2.7545400745101553e-12,0.27368605565855636,False
wavelet-HHL_glcm_Id,glcm,630,0.27307815215717834,3.090043961472958e-12,0.27307815215717834,False
lbp-3D-m1_gldm_SmallDependenceHighGrayLevelEmphasis,gldm,630,-0.27236010903823793,3.5380459302928863e-12,0.27236010903823793,False
wavelet-HHL_glcm_DifferenceAverage,glcm,630,-0.2711150514485953,4.46999464038272e-12,0.2711150514485953,False
wavelet-HHL_glcm_InverseVariance,glcm,630,0.2710631730492119,4.513638348402754e-12,0.2710631730492119,False
lbp-3D-m1_glszm_SmallAreaEmphasis,glszm,630,0.26979107246414613,5.7242163753142535e-12,0.26979107246414613,True
square_glrlm_LowGrayLevelRunEmphasis,glrlm,630,-0.26973403501949567,5.785355528214076e-12,0.26973403501949567,False
wavelet-HHL_glcm_Idm,glcm,630,0.26966790325783946,5.85704255146445e-12,0.26966790325783946,False
log-sigma-3-0-mm-3D_glcm_DifferenceAverage,glcm,630,-0.26880605475152397,6.874568665617241e-12,0.26880605475152397,False
wavelet-HLH_firstorder_Mean,firstorder,630,0.267756560970843,8.348790626481971e-12,0.267756560970843,False
log-sigma-4-0-mm-3D_glszm_SmallAreaEmphasis,glszm,630,-0.2669386003426367,9.708043126921347e-12,0.2669386003426367,True
lbp-3D-k_gldm_DependenceNonUniformityNormalized,gldm,630,-0.26656203802925843,1.0404339360949624e-11,0.26656203802925843,True
log-sigma-3-0-mm-3D_firstorder_Uniformity,firstorder,630,0.26630087355596527,1.0915677022114441e-11,0.26630087355596527,False
wavelet-LLL_firstorder_90Percentile,firstorder,630,-0.2659760424735959,1.1586028535625589e-11,0.2659760424735959,False
gradient_glcm_Id,glcm,630,0.26588673100157695,1.177728420717288e-11,0.26588673100157695,False
log-sigma-5-0-mm-3D_gldm_SmallDependenceHighGrayLevelEmphasis,gldm,630,-0.26543746214327185,1.2787145237991528e-11,0.26543746214327185,False
log-sigma-3-0-mm-3D_glrlm_GrayLevelNonUniformityNormalized,glrlm,630,0.26536022043762186,1.2969091106994205e-11,0.26536022043762186,False
log-sigma-3-0-mm-3D_glcm_MCC,glcm,630,-0.26492707659522136,1.4037215962225753e-11,0.26492707659522136,True
log-sigma-3-0-mm-3D_glcm_Contrast,glcm,630,-0.2639961208778864,1.6632007099290835e-11,0.2639961208778864,False
wavelet-LLH_glszm_LargeAreaHighGrayLevelEmphasis,glszm,630,0.26399252154397906,1.6642896332229088e-11,0.26399252154397906,False
wavelet-HHL_glrlm_GrayLevelNonUniformityNormalized,glrlm,630,0.2636430502171428,1.7734006986088027e-11,0.2636430502171428,False
lbp-3D-m2_gldm_LargeDependenceLowGrayLevelEmphasis,gldm,630,0.26327047116662183,1.897421326727722e-11,0.26327047116662183,True
lbp-3D-k_gldm_DependenceVariance,gldm,630,0.26237457296154365,2.2313456370371848e-11,0.26237457296154365,False
wavelet-LHH_gldm_LargeDependenceHighGrayLevelEmphasis,gldm,630,0.26157993601705654,2.575077635194391e-11,0.26157993601705654,True
exponential_glrlm_RunLengthNonUniformity,glrlm,630,0.26143389904265896,2.6436439331707032e-11,0.26143389904265896,True
lbp-3D-m1_glszm_SizeZoneNonUniformityNormalized,glszm,630,0.26076223554696376,2.982648845724875e-11,0.26076223554696376,False
wavelet-HLL_glszm_SizeZoneNonUniformityNormalized,glszm,630,-0.2602596283531927,3.263737525976758e-11,0.2602596283531927,False
square_glrlm_RunEntropy,glrlm,630,0.26009197137979223,3.363131487442644e-11,0.26009197137979223,True
log-sigma-3-0-mm-3D_glcm_DifferenceVariance,glcm,630,-0.25996834625785725,3.4383083737123124e-11,0.25996834625785725,False
log-sigma-5-0-mm-3D_glszm_SizeZoneNonUniformityNormalized,glszm,630,-0.2593947595185553,3.8091223003587634e-11,0.2593947595185553,False
wavelet-HLH_firstorder_RootMeanSquared,firstorder,630,0.2591964091125453,3.946219741845447e-11,0.2591964091125453,True
lbp-3D-k_firstorder_Variance,firstorder,630,0.2591400195479982,3.986067053756849e-11,0.2591400195479982,False
logarithm_firstorder_Energy,firstorder,630,0.25913325280025246,3.9908750445978973e-11,0.25913325280025246,False
logarithm_firstorder_TotalEnergy,firstorder,630,0.25913325280025246,3.9908750445978973e-11,0.25913325280025246,True
lbp-3D-m1_gldm_HighGrayLevelEmphasis,gldm,630,-0.2587707549893454,4.25688456714628e-11,0.2587707549893454,False
lbp-3D-m2_gldm_SmallDependenceEmphasis,gldm,630,-0.2585507845918191,4.4266598430492424e-11,0.2585507845918191,False
wavelet-HLL_glszm_SmallAreaEmphasis,glszm,630,-0.25689765851933,5.932102781328112e-11,0.25689765851933,False
square_glszm_ZoneEntropy,glszm,630,0.25672625548131833,6.114191633562898e-11,0.25672625548131833,True
wavelet-HLL_firstorder_Uniformity,firstorder,630,0.25666922079401544,6.17598272007467e-11,0.25666922079401544,False
wavelet-HLL_glszm_GrayLevelVariance,glszm,630,0.2565682234845775,6.286900844512681e-11,0.2565682234845775,False
log-sigma-4-0-mm-3D_gldm_LargeDependenceHighGrayLevelEmphasis,gldm,630,0.25600413587463056,6.943071500467722e-11,0.25600413587463056,True
wavelet-HLL_firstorder_Range,firstorder,630,0.25577598609602853,7.227037370830003e-11,0.25577598609602853,False
gradient_gldm_HighGrayLevelEmphasis,gldm,630,-0.2553945526840958,7.727287457430826e-11,0.2553945526840958,False
lbp-3D-k_firstorder_Median,firstorder,630,0.25439247412875315,9.20795433781789e-11,0.25439247412875315,True
lbp-3D-m2_glrlm_HighGrayLevelRunEmphasis,glrlm,630,-0.2541780978012363,9.558913675981687e-11,0.2541780978012363,False
squareroot_glcm_DifferenceAverage,glcm,630,-0.2539237688673488,9.992222421898629e-11,0.2539237688673488,False
gradient_firstorder_Uniformity,firstorder,630,0.2531448490142567,1.1441892504945211e-10,0.2531448490142567,False
log-sigma-4-0-mm-3D_glcm_DifferenceAverage,glcm,630,-0.25192424289962423,1.413511888974663e-10,0.25192424289962423,False
logarithm_glcm_DifferenceAverage,glcm,630,-0.25185969484488724,1.429356754769739e-10,0.25185969484488724,False
lbp-3D-m1_glcm_Autocorrelation,glcm,630,-0.2517874922067075,1.4472858301530275e-10,0.2517874922067075,True
log-sigma-3-0-mm-3D_firstorder_Maximum,firstorder,630,-0.2515581906412552,1.5056910193729567e-10,0.2515581906412552,True
log-sigma-3-0-mm-3D_firstorder_Entropy,firstorder,630,-0.2514076425016939,1.5452798534540734e-10,0.2514076425016939,False
wavelet-HLL_glcm_InverseVariance,glcm,630,0.25135458831990076,1.5594715865499815e-10,0.25135458831990076,False
wavelet-HLL_glrlm_GrayLevelNonUniformityNormalized,glrlm,630,0.2512603577582085,1.5849916714640597e-10,0.2512603577582085,False
log-sigma-3-0-mm-3D_glcm_SumSquares,glcm,630,-0.2510972359455311,1.6301348963234125e-10,0.2510972359455311,False
log-sigma-5-0-mm-3D_gldm_SmallDependenceLowGrayLevelEmphasis,gldm,630,-0.2510412543054934,1.6459145448710314e-10,0.2510412543054934,True
wavelet-LHH_firstorder_InterquartileRange,firstorder,630,-0.25062879463528,1.766854465134277e-10,0.25062879463528,False
wavelet-HLL_glcm_Id,glcm,630,0.24903776907047087,2.319892419148736e-10,0.24903776907047087,False
wavelet-HLL_glcm_Idm,glcm,630,0.2486356274907916,2.4844542181811856e-10,0.2486356274907916,False
wavelet-HLL_glcm_Idmn,glcm,630,0.248571607338361,2.511680620795857e-10,0.248571607338361,False
squareroot_glcm_Contrast,glcm,630,-0.24800864751970503,2.7639529504992653e-10,0.24800864751970503,False
lbp-3D-m2_firstorder_MeanAbsoluteDeviation,firstorder,630,0.2476359244958278,2.944384075140675e-10,0.2476359244958278,False
lbp-3D-k_firstorder_90Percentile,firstorder,630,0.24734440244489855,3.093455194065185e-10,0.24734440244489855,True
lbp-3D-m1_glrlm_LongRunLowGrayLevelEmphasis,glrlm,630,0.24568539746036086,4.0924919508341635e-10,0.24568539746036086,True
logarithm_glcm_Contrast,glcm,630,-0.24393288178091238,5.488103586030269e-10,0.24393288178091238,False
wavelet-LLH_firstorder_RobustMeanAbsoluteDeviation,firstorder,630,-0.24374288494172747,5.664724362724791e-10,0.24374288494172747,False
squareroot_glcm_Id,glcm,630,0.2437001248549091,5.705230288253772e-10,0.2437001248549091,False
original_gldm_DependenceEntropy,gldm,630,0.24363036976378627,5.771914008811872e-10,0.24363036976378627,False
gradient_glcm_MCC,glcm,630,-0.24362590658974126,5.776206394407388e-10,0.24362590658974126,False
squareroot_glcm_DifferenceVariance,glcm,630,-0.2431000439058895,6.304304373017401e-10,0.2431000439058895,False
logarithm_glcm_Id,glcm,630,0.24293891372464083,6.475322325524708e-10,0.24293891372464083,False
wavelet-HHH_glcm_MCC,glcm,630,-0.24212539227492025,7.410090803639318e-10,0.24212539227492025,True
wavelet-LHH_firstorder_RobustMeanAbsoluteDeviation,firstorder,630,-0.2420757454625594,7.471203361733396e-10,0.2420757454625594,False
logarithm_glcm_InverseVariance,glcm,630,0.24115126854625746,8.702994527991042e-10,0.24115126854625746,False
lbp-3D-k_firstorder_MeanAbsoluteDeviation,firstorder,630,0.24100343190490628,8.91748150183124e-10,0.24100343190490628,False
original_glcm_DifferenceAverage,glcm,630,-0.24077979329146806,9.251751452361635e-10,0.24077979329146806,False
lbp-3D-m2_glcm_MaximumProbability,glcm,630,-0.24055099563276275,9.606338367392674e-10,0.24055099563276275,True
lbp-3D-m2_firstorder_Mean,firstorder,630,-0.24023367835549808,1.0120072878979443e-09,0.24023367835549808,False
logarithm_glcm_DifferenceVariance,glcm,630,-0.23976946026369814,1.092008845554549e-09,0.23976946026369814,False
lbp-3D-m2_firstorder_RootMeanSquared,firstorder,630,-0.23975914217316396,1.0938551281047446e-09,0.23975914217316396,False
wavelet-LLH_glcm_DifferenceEntropy,glcm,630,0.2395861581855807,1.1252642100287555e-09,0.2395861581855807,False
log-sigma-4-0-mm-3D_glcm_Contrast,glcm,630,-0.23885822889617495,1.2673227773365317e-09,0.23885822889617495,False
wavelet-HHL_firstorder_Entropy,firstorder,630,-0.23831492144065264,1.3845697936416413e-09,0.23831492144065264,False
exponential_firstorder_Minimum,firstorder,630,-0.23826174728106259,1.3965959390443874e-09,0.23826174728106259,False
wavelet-LHL_firstorder_Range,firstorder,630,0.2381932399590276,1.4122397208474377e-09,0.2381932399590276,False
log-sigma-3-0-mm-3D_glcm_Idn,glcm,630,0.23801504893505848,1.4537322156287966e-09,0.23801504893505848,False
wavelet-LHH_glcm_DifferenceAverage,glcm,630,-0.23769612395531522,1.5309735498565131e-09,0.23769612395531522,False
log-sigma-3-0-mm-3D_glcm_DifferenceEntropy,glcm,630,-0.2373527475005619,1.6185967511257365e-09,0.2373527475005619,False
wavelet-HLL_glcm_ClusterProminence,glcm,630,0.23695857244659738,1.725199790508744e-09,0.23695857244659738,False
log-sigma-3-0-mm-3D_glcm_Idmn,glcm,630,0.2367391090604916,1.7874788212176668e-09,0.2367391090604916,True
lbp-3D-m1_glcm_JointAverage,glcm,630,-0.23667674460165836,1.8055716927976595e-09,0.23667674460165836,False
lbp-3D-m1_glcm_SumAverage,glcm,630,-0.23667674460165836,1.8055716927976595e-09,0.23667674460165836,False
log-sigma-4-0-mm-3D_firstorder_MeanAbsoluteDeviation,firstorder,630,-0.23666652249336168,1.8085542116655257e-09,0.23666652249336168,False
squareroot_glcm_Idm,glcm,630,0.23630961254311708,1.915746368430805e-09,0.23630961254311708,False
squareroot_glcm_InverseVariance,glcm,630,0.23617454153935702,1.9579026358354784e-09,0.23617454153935702,False
log-sigma-3-0-mm-3D_glcm_ClusterTendency,glcm,630,-0.23565890096380193,2.127284939457969e-09,0.23565890096380193,False
square_gldm_LowGrayLevelEmphasis,gldm,630,-0.2356319059594974,2.136534182489762e-09,0.2356319059594974,True
logarithm_glcm_JointEntropy,glcm,630,0.23560639867987457,2.1453095928172e-09,0.23560639867987457,False
wavelet-LHL_glszm_GrayLevelNonUniformityNormalized,glszm,630,0.23558470669419346,2.1527999585192082e-09,0.23558470669419346,False
logarithm_glcm_Idm,glcm,630,0.2353034067515608,2.252266490331582e-09,0.2353034067515608,False
lbp-3D-m1_glcm_MCC,glcm,630,-0.23487148668268873,2.4137402789876385e-09,0.23487148668268873,False
log-sigma-4-0-mm-3D_firstorder_RobustMeanAbsoluteDeviation,firstorder,630,-0.2348521942529458,2.42120925019837e-09,0.2348521942529458,False
lbp-3D-m2_glszm_ZoneEntropy,glszm,630,0.23443245022801315,2.5893837001288697e-09,0.23443245022801315,False
log-sigma-4-0-mm-3D_glszm_ZoneEntropy,glszm,630,0.23418626948898258,2.6932418374122374e-09,0.23418626948898258,True
lbp-3D-k_firstorder_RootMeanSquared,firstorder,630,0.23380181263656766,2.8635783604006084e-09,0.23380181263656766,False
lbp-3D-k_firstorder_Mean,firstorder,630,0.23373575286158957,2.893881574786894e-09,0.23373575286158957,False
log-sigma-4-0-mm-3D_firstorder_InterquartileRange,firstorder,630,-0.23311673941621774,3.1933973056381815e-09,0.23311673941621774,False
original_firstorder_Mean,firstorder,630,-0.23279963809898752,3.358281551180343e-09,0.23279963809898752,False
square_firstorder_10Percentile,firstorder,630,0.2327552703096906,3.3820010798005076e-09,0.2327552703096906,True
log-sigma-4-0-mm-3D_firstorder_Variance,firstorder,630,-0.23249002339628436,3.527236116901458e-09,0.23249002339628436,False
original_firstorder_RootMeanSquared,firstorder,630,-0.23247701780309943,3.534510916808938e-09,0.23247701780309943,False
original_glcm_Contrast,glcm,630,-0.23247070697098204,3.5380461883023714e-09,0.23247070697098204,True
log-sigma-4-0-mm-3D_gldm_GrayLevelVariance,gldm,630,-0.23213505708634968,3.731104432137429e-09,0.23213505708634968,False
wavelet-LHH_firstorder_90Percentile,firstorder,630,-0.2319030440226872,3.870492338487608e-09,0.2319030440226872,False
wavelet-HHL_glcm_ClusterTendency,glcm,630,-0.23170404884873408,3.994061182893947e-09,0.23170404884873408,False
wavelet-LHL_firstorder_Entropy,firstorder,630,-0.23153984723588455,4.098901313021781e-09,0.23153984723588455,True
original_glcm_Id,glcm,630,0.23088097716637954,4.547102922791444e-09,0.23088097716637954,False
logarithm_glszm_SizeZoneNonUniformity,glszm,630,0.2308000641401442,4.605321166122887e-09,0.2308000641401442,True
original_firstorder_10Percentile,firstorder,630,-0.23073570804988228,4.652142466700272e-09,0.23073570804988228,False
log-sigma-3-0-mm-3D_firstorder_Kurtosis,firstorder,630,0.2305317217995777,4.803623510970268e-09,0.2305317217995777,True
exponential_firstorder_Mean,firstorder,630,-0.22943994784326602,5.699388758178834e-09,0.22943994784326602,False
exponential_firstorder_RootMeanSquared,firstorder,630,-0.22933016815909438,5.7979509257239895e-09,0.22933016815909438,False
original_firstorder_90Percentile,firstorder,630,-0.22919948834270118,5.917435201376109e-09,0.22919948834270118,False
wavelet-HLL_glcm_JointEntropy,glcm,630,0.22896728331456365,6.135668029830627e-09,0.22896728331456365,True
logarithm_firstorder_MeanAbsoluteDeviation,firstorder,630,-0.22855117631932417,6.546430837739664e-09,0.22855117631932417,False
exponential_firstorder_90Percentile,firstorder,630,-0.22819078701296922,6.923651893098575e-09,0.22819078701296922,True
log-sigma-5-0-mm-3D_glszm_SmallAreaEmphasis,glszm,630,-0.22753726795320636,7.662178168567373e-09,0.22753726795320636,False
log-sigma-4-0-mm-3D_glrlm_GrayLevelVariance,glrlm,630,-0.227470056391378,7.742329440673865e-09,0.227470056391378,False
gradient_glrlm_HighGrayLevelRunEmphasis,glrlm,630,-0.22736361208996042,7.87093326014968e-09,0.22736361208996042,False
logarithm_gldm_SmallDependenceHighGrayLevelEmphasis,gldm,630,-0.2272690695859962,7.986893235188238e-09,0.2272690695859962,False
gradient_glrlm_LongRunHighGrayLevelEmphasis,glrlm,630,-0.2272465377557367,8.014772950602732e-09,0.2272465377557367,True
original_glcm_Idm,glcm,630,0.22704891032866834,8.26338598335208e-09,0.22704891032866834,False
log-sigma-4-0-mm-3D_glcm_SumSquares,glcm,630,-0.22660974360086295,8.84292456564881e-09,0.22660974360086295,False
lbp-3D-m2_gldm_DependenceNonUniformityNormalized,gldm,630,-0.22601873297328964,9.685393779146224e-09,0.22601873297328964,False
wavelet-LHL_firstorder_Maximum,firstorder,630,0.22562170244775867,1.0294517660858623e-08,0.22562170244775867,True
wavelet-HHL_glcm_SumSquares,glcm,630,-0.22504873648084048,1.1239480123819089e-08,0.22504873648084048,False
log-sigma-4-0-mm-3D_glcm_DifferenceVariance,glcm,630,-0.22489264536706197,1.1511156275321612e-08,0.22489264536706197,False
gradient_glrlm_ShortRunHighGrayLevelEmphasis,glrlm,630,-0.2248378635049934,1.160800472477684e-08,0.2248378635049934,False
squareroot_firstorder_MeanAbsoluteDeviation,firstorder,630,-0.22446257295626232,1.2293043512114543e-08,0.22446257295626232,False
squareroot_firstorder_90Percentile,firstorder,630,-0.2243984328260348,1.2413977859388136e-08,0.2243984328260348,False
logarithm_firstorder_Kurtosis,firstorder,630,0.22421489079232354,1.2766447134230868e-08,0.22421489079232354,True
logarithm_gldm_GrayLevelVariance,gldm,630,-0.22418472837418066,1.2825290675851024e-08,0.22418472837418066,False
wavelet-HLL_gldm_LargeDependenceLowGrayLevelEmphasis,gldm,630,-0.22416519598884388,1.2863536348913929e-08,0.22416519598884388,False
logarithm_firstorder_Variance,firstorder,630,-0.2241227718398569,1.2946986755762122e-08,0.2241227718398569,False
squareroot_gldm_SmallDependenceHighGrayLevelEmphasis,gldm,630,-0.22404063504009306,1.3110047851447443e-08,0.22404063504009306,False
original_glcm_InverseVariance,glcm,630,0.22395761040463208,1.3276893688772824e-08,0.22395761040463208,False
logarithm_glrlm_GrayLevelVariance,glrlm,630,-0.22381126148796263,1.3576019943329142e-08,0.22381126148796263,False
original_glcm_DifferenceVariance,glcm,630,-0.22332225598332126,1.4623635261825235e-08,0.22332225598332126,False
wavelet-LLL_gldm_LargeDependenceLowGrayLevelEmphasis,gldm,630,-0.22299879584285484,1.5359201405695228e-08,0.22299879584285484,False
logarithm_firstorder_RobustMeanAbsoluteDeviation,firstorder,630,-0.22262300138737673,1.6258842685545672e-08,0.22262300138737673,False
squareroot_firstorder_Variance,firstorder,630,-0.22240569760161533,1.6802141633741606e-08,0.22240569760161533,True
squareroot_gldm_GrayLevelVariance,gldm,630,-0.22237774277493555,1.6873297943091526e-08,0.22237774277493555,False
squareroot_glrlm_GrayLevelVariance,glrlm,630,-0.2221933608966459,1.7349990723841213e-08,0.2221933608966459,False
wavelet-HHH_firstorder_Kurtosis,firstorder,630,0.22200405992868305,1.78529658580574e-08,0.22200405992868305,True
square_glcm_Imc2,glcm,630,-0.22146176028665476,1.937330928333006e-08,0.22146176028665476,True
logarithm_glcm_SumSquares,glcm,630,-0.22113287714976806,2.0355646926064645e-08,0.22113287714976806,False
wavelet-LLL_glcm_DifferenceAverage,glcm,630,-0.2209980940927206,2.0772016328134973e-08,0.2209980940927206,False
lbp-3D-k_glrlm_RunVariance,glrlm,630,0.22043011920215383,2.261902341204655e-08,0.22043011920215383,False
log-sigma-4-0-mm-3D_glcm_DifferenceEntropy,glcm,630,-0.22021190358513587,2.3370118909349665e-08,0.22021190358513587,False
original_gldm_SmallDependenceLowGrayLevelEmphasis,gldm,630,-0.21999184031004554,2.415200834508549e-08,0.21999184031004554,False
squareroot_glcm_SumSquares,glcm,630,-0.2192170236976078,2.711165843918009e-08,0.2192170236976078,False
log-sigma-4-0-mm-3D_gldm_LargeDependenceLowGrayLevelEmphasis,gldm,630,0.21877812092095558,2.894089707252224e-08,0.21877812092095558,True
lbp-3D-k_firstorder_Entropy,firstorder,630,0.21851522366108816,3.009320473490577e-08,0.21851522366108816,False
lbp-3D-k_gldm_GrayLevelVariance,gldm,630,0.2184162179676369,3.053856592208102e-08,0.2184162179676369,False
lbp-3D-k_gldm_HighGrayLevelEmphasis,gldm,630,0.2180155160590226,3.240710205784623e-08,0.2180155160590226,False
lbp-3D-k_firstorder_Uniformity,firstorder,630,-0.21798086646587098,3.25737780531523e-08,0.21798086646587098,False
lbp-3D-k_gldm_LowGrayLevelEmphasis,gldm,630,-0.21795910249011718,3.267889382928971e-08,0.21795910249011718,False
log-sigma-3-0-mm-3D_glszm_ZoneEntropy,glszm,630,0.21775291064636898,3.369118464095754e-08,0.21775291064636898,True
squareroot_firstorder_RobustMeanAbsoluteDeviation,firstorder,630,-0.21774700773876107,3.372060695177779e-08,0.21774700773876107,False
squareroot_firstorder_RootMeanSquared,firstorder,630,-0.21763761198353954,3.427039801924896e-08,0.21763761198353954,False
original_shape_Flatness,shape,630,0.21755024415183044,3.4715703406597824e-08,0.21755024415183044,True
wavelet-LLL_glcm_SumEntropy,glcm,630,0.21730580138840822,3.599155466411842e-08,0.21730580138840822,True
original_gldm_SmallDependenceHighGrayLevelEmphasis,gldm,630,-0.2167859615899613,3.8857408452425397e-08,0.2167859615899613,False
wavelet-HLL_gldm_SmallDependenceHighGrayLevelEmphasis,gldm,630,0.2165176192493948,4.0421935469186073e-08,0.2165176192493948,False
original_firstorder_Median,firstorder,630,-0.21638681945520472,4.120646461859757e-08,0.21638681945520472,False
wavelet-HHL_glcm_Contrast,glcm,630,-0.2162506926468319,4.203857950168655e-08,0.2162506926468319,False
logarithm_glrlm_ShortRunHighGrayLevelEmphasis,glrlm,630,-0.2160370361860965,4.33774874659717e-08,0.2160370361860965,False
squareroot_firstorder_Mean,firstorder,630,-0.21601771976079417,4.350054945496546e-08,0.21601771976079417,False
logarithm_gldm_HighGrayLevelEmphasis,gldm,630,-0.21592869623548774,4.4072082501381286e-08,0.21592869623548774,False
logarithm_glszm_GrayLevelVariance,glszm,630,-0.2159097637391355,4.419456267246197e-08,0.2159097637391355,False
squareroot_glszm_GrayLevelVariance,glszm,630,-0.21560269256572687,4.62276781779763e-08,0.21560269256572687,False
logarithm_glrlm_HighGrayLevelRunEmphasis,glrlm,630,-0.21530238814006386,4.830331796656079e-08,0.21530238814006386,False
square_firstorder_Median,firstorder,630,0.21508913960383796,4.983166908065397e-08,0.21508913960383796,True
logarithm_firstorder_InterquartileRange,firstorder,630,-0.21493681579288237,5.0951893530632956e-08,0.21493681579288237,False
exponential_firstorder_RobustMeanAbsoluteDeviation,firstorder,630,-0.2147233033055033,5.2563184036368416e-08,0.2147233033055033,False
exponential_firstorder_10Percentile,firstorder,630,-0.21471255329490024,5.26455993070571e-08,0.21471255329490024,True
lbp-3D-k_firstorder_RobustMeanAbsoluteDeviation,firstorder,630,0.21418822632684892,5.6820605101537935e-08,0.21418822632684892,False
logarithm_glrlm_LongRunHighGrayLevelEmphasis,glrlm,630,-0.21294412855958167,6.804746680189784e-08,0.21294412855958167,False
logarithm_glszm_SmallAreaHighGrayLevelEmphasis,glszm,630,-0.21271914619481808,7.029467348273433e-08,0.21271914619481808,False
lbp-3D-m1_glcm_MaximumProbability,glcm,630,-0.21249022855831584,7.265472351531424e-08,0.21249022855831584,False
squareroot_firstorder_InterquartileRange,firstorder,630,-0.21231998006450212,7.445937438825617e-08,0.21231998006450212,False
square_glcm_MaximumProbability,glcm,630,-0.21228465860109216,7.483917308252226e-08,0.21228465860109216,False
log-sigma-3-0-mm-3D_glcm_ClusterProminence,glcm,630,-0.21207733696803352,7.710644787586657e-08,0.21207733696803352,True
exponential_firstorder_MeanAbsoluteDeviation,firstorder,630,-0.21194982456547876,7.853373507305032e-08,0.21194982456547876,False
exponential_firstorder_Median,firstorder,630,-0.21166782875162404,8.178141894548939e-08,0.21166782875162404,True
squareroot_glszm_SmallAreaHighGrayLevelEmphasis,glszm,630,-0.21125736071283926,8.67415751925419e-08,0.21125736071283926,False
logarithm_glcm_ClusterTendency,glcm,630,-0.21101613335437422,8.979086676676393e-08,0.21101613335437422,False
log-sigma-4-0-mm-3D_firstorder_Uniformity,firstorder,630,0.21097764447712586,9.028687435257508e-08,0.21097764447712586,False
square_firstorder_Uniformity,firstorder,630,-0.2087435859120038,1.2408584656956283e-07,0.2087435859120038,False
wavelet-HHL_gldm_GrayLevelVariance,gldm,630,-0.20852462643264502,1.2798991055812728e-07,0.20852462643264502,False
square_glcm_JointEnergy,glcm,630,-0.20834242815025913,1.3132863981937199e-07,0.20834242815025913,False
wavelet-HHL_firstorder_Variance,firstorder,630,-0.20811305459812868,1.356514954896263e-07,0.20811305459812868,False
logarithm_glszm_HighGrayLevelZoneEmphasis,glszm,630,-0.20787557054692718,1.4027177278609556e-07,0.20787557054692718,False
lbp-3D-k_firstorder_InterquartileRange,firstorder,630,0.20748365107554453,1.4823055055807508e-07,0.20748365107554453,False
lbp-3D-m1_glcm_Correlation,glcm,630,-0.2071941926427221,1.5438654358324018e-07,0.2071941926427221,True
wavelet-HLH_firstorder_Maximum,firstorder,630,0.2071920570379371,1.544328659023089e-07,0.2071920570379371,False
lbp-3D-m1_glcm_Id,glcm,630,-0.20717727577335793,1.5475384657658494e-07,0.20717727577335793,False
log-sigma-4-0-mm-3D_firstorder_Entropy,firstorder,630,-0.20703946927582834,1.5777750148048168e-07,0.20703946927582834,False
square_glrlm_GrayLevelNonUniformityNormalized,glrlm,630,-0.20650024106540096,1.7016599922309637e-07,0.20650024106540096,False
exponential_firstorder_InterquartileRange,firstorder,630,-0.206462280090459,1.7107262112838819e-07,0.206462280090459,False
log-sigma-4-0-mm-3D_glcm_ClusterTendency,glcm,630,-0.2058117124845001,1.873536667813937e-07,0.2058117124845001,False
squareroot_glcm_ClusterTendency,glcm,630,-0.2055323081910586,1.9479576935004365e-07,0.2055323081910586,False
logarithm_firstorder_90Percentile,firstorder,630,-0.20548738850389592,1.9601852378768799e-07,0.20548738850389592,False
wavelet-HHH_glrlm_LongRunHighGrayLevelEmphasis,glrlm,630,0.2054436445991429,1.9721638319348818e-07,0.2054436445991429,True
log-sigma-4-0-mm-3D_glrlm_GrayLevelNonUniformityNormalized,glrlm,630,0.20485011443783452,2.1418350970788878e-07,0.20485011443783452,False
squareroot_glrlm_ShortRunHighGrayLevelEmphasis,glrlm,630,-0.20437365861074985,2.288138180503145e-07,0.20437365861074985,False
wavelet-HLH_firstorder_InterquartileRange,firstorder,630,-0.20401468504239842,2.404681526020141e-07,0.20401468504239842,False
gradient_gldm_SmallDependenceHighGrayLevelEmphasis,gldm,630,-0.20350103609827194,2.5814393297978464e-07,0.20350103609827194,True
logarithm_glszm_LargeAreaLowGrayLevelEmphasis,glszm,630,0.2034588759004382,2.5964909676718323e-07,0.2034588759004382,False
squareroot_gldm_HighGrayLevelEmphasis,gldm,630,-0.20335583896845283,2.6336329892287225e-07,0.20335583896845283,False
squareroot_glrlm_HighGrayLevelRunEmphasis,glrlm,630,-0.20332802811512934,2.643745461691025e-07,0.20332802811512934,False
lbp-3D-m2_gldm_LargeDependenceEmphasis,gldm,630,0.20302510817349373,2.75634343274525e-07,0.20302510817349373,True
wavelet-HLH_glcm_ClusterShade,glcm,630,0.20296703891978982,2.7784497415539915e-07,0.20296703891978982,True
squareroot_firstorder_Kurtosis,firstorder,630,0.20278244108146576,2.849864448205247e-07,0.20278244108146576,True
logarithm_firstorder_Skewness,firstorder,630,0.20244998260623115,2.9829658439052545e-07,0.20244998260623115,False
original_firstorder_MeanAbsoluteDeviation,firstorder,630,-0.20240578278584992,3.001106186700495e-07,0.20240578278584992,False
squareroot_glszm_HighGrayLevelZoneEmphasis,glszm,630,-0.202203092295752,3.085663618391927e-07,0.202203092295752,False
logarithm_glcm_ClusterProminence,glcm,630,-0.2021167802686557,3.122363365972727e-07,0.2021167802686557,True
lbp-3D-m2_gldm_HighGrayLevelEmphasis,gldm,630,-0.20189065096151929,3.2205177975249835e-07,0.20189065096151929,False
original_firstorder_Variance,firstorder,630,-0.20119974197576215,3.539173580599273e-07,0.20119974197576215,False
original_gldm_GrayLevelVariance,gldm,630,-0.20111734122484512,3.579145152800546e-07,0.20111734122484512,False
original_glrlm_GrayLevelVariance,glrlm,630,-0.20053009790009477,3.876862903555672e-07,0.20053009790009477,False
logarithm_glcm_JointAverage,glcm,630,-0.2005177881781319,3.8833518377740757e-07,0.2005177881781319,False
logarithm_glcm_SumAverage,glcm,630,-0.2005177881781319,3.8833518377740757e-07,0.2005177881781319,False
original_glcm_MaximumProbability,glcm,630,-0.20045991088890308,3.9140016192016527e-07,0.20045991088890308,True
original_glcm_SumSquares,glcm,630,-0.2004084644095885,3.9414412585976914e-07,0.2004084644095885,False
lbp-3D-m1_glcm_JointEnergy,glcm,630,-0.1998143103637362,4.272066083205308e-07,0.1998143103637362,False
lbp-3D-m2_glrlm_RunPercentage,glrlm,630,-0.1994435117703665,4.491760225823074e-07,0.1994435117703665,False
original_glszm_ZoneEntropy,glszm,630,0.19913641181564146,4.6819070156795694e-07,0.19913641181564146,False
log-sigma-3-0-mm-3D_glszm_GrayLevelVariance,glszm,630,-0.19910130631226589,4.704130215759175e-07,0.19910130631226589,False
squareroot_glrlm_LongRunHighGrayLevelEmphasis,glrlm,630,-0.19903807801329493,4.744412567565825e-07,0.19903807801329493,False
wavelet-HLL_firstorder_Median,firstorder,630,-0.19885129657906708,4.865357633821228e-07,0.19885129657906708,True
lbp-3D-k_gldm_LargeDependenceEmphasis,gldm,630,0.1986977729901425,4.966983456011169e-07,0.1986977729901425,False
wavelet-LHH_firstorder_MeanAbsoluteDeviation,firstorder,630,-0.19800396538617762,5.452283095709201e-07,0.19800396538617762,False
lbp-3D-m1_glcm_Idm,glcm,630,-0.19781466441821474,5.592419502710256e-07,0.19781466441821474,False
lbp-3D-m2_gldm_DependenceVariance,gldm,630,0.19761778085348722,5.741841874689057e-07,0.19761778085348722,True
wavelet-HLH_firstorder_RobustMeanAbsoluteDeviation,firstorder,630,-0.19760427135355532,5.752234309266343e-07,0.19760427135355532,False
original_firstorder_RobustMeanAbsoluteDeviation,firstorder,630,-0.1974605379528584,5.863929937245988e-07,0.1974605379528584,False
wavelet-LLL_firstorder_Maximum,firstorder,630,-0.19727920351061026,6.007823431336258e-07,0.19727920351061026,False
lbp-3D-m1_firstorder_Median,firstorder,630,-0.19694279772088089,6.283811698778582e-07,0.19694279772088089,True
wavelet-HLH_glcm_Idm,glcm,630,0.19656744722822786,6.60613695299143e-07,0.19656744722822786,False
log-sigma-5-0-mm-3D_glszm_SmallAreaHighGrayLevelEmphasis,glszm,630,-0.1960333780630675,7.092282728975846e-07,0.1960333780630675,False
wavelet-HHL_glcm_MCC,glcm,630,-0.19595875187339018,7.162891780852878e-07,0.19595875187339018,False
lbp-3D-m1_glcm_JointEntropy,glcm,630,0.19571205352738608,7.401151087325419e-07,0.19571205352738608,True
wavelet-LHH_glcm_Contrast,glcm,630,-0.19563629954641776,7.475829635481602e-07,0.19563629954641776,False
wavelet-HHL_glrlm_GrayLevelVariance,glrlm,630,-0.19562686929158077,7.485176543692941e-07,0.19562686929158077,False
lbp-3D-m2_glszm_SmallAreaLowGrayLevelEmphasis,glszm,630,0.1955107547797323,7.601189282250554e-07,0.1955107547797323,False
squareroot_glcm_ClusterProminence,glcm,630,-0.19541582834681798,7.697314406479873e-07,0.19541582834681798,False
square_glrlm_LongRunHighGrayLevelEmphasis,glrlm,630,0.1949974657689966,8.135057012446165e-07,0.1949974657689966,True
wavelet-LLL_glcm_Contrast,glcm,630,-0.19480816480103372,8.340896699194828e-07,0.19480816480103372,True
log-sigma-4-0-mm-3D_glcm_ClusterProminence,glcm,630,-0.19427083223979744,8.952797395029197e-07,0.19427083223979744,False
log-sigma-4-0-mm-3D_firstorder_90Percentile,firstorder,630,-0.19414468758412745,9.102575985265894e-07,0.19414468758412745,False
wavelet-HLH_glcm_InverseVariance,glcm,630,0.19360980256994814,9.764844026019616e-07,0.19360980256994814,False
wavelet-HLH_glcm_Id,glcm,630,0.19345831860357093,9.960658649693641e-07,0.19345831860357093,False
wavelet-LHL_glrlm_LongRunHighGrayLevelEmphasis,glrlm,630,0.1930514738942528,1.0505404843128027e-06,0.1930514738942528,False
wavelet-LHL_firstorder_Minimum,firstorder,630,-0.19297559993548763,1.06101125733393e-06,0.19297559993548763,False
lbp-3D-m2_firstorder_Maximum,firstorder,630,0.19224954961319954,1.1664072141421534e-06,0.19224954961319954,True
gradient_glcm_InverseVariance,glcm,630,0.1918513119962136,1.2284115817496897e-06,0.1918513119962136,False
lbp-3D-m2_glcm_InverseVariance,glcm,630,-0.19117602896409147,1.3408462421827617e-06,0.19117602896409147,True
log-sigma-5-0-mm-3D_glcm_MCC,glcm,630,-0.1909772497501728,1.3757816552835185e-06,0.1909772497501728,True
wavelet-LHL_glcm_ClusterTendency,glcm,630,-0.19073760609862697,1.4190606659668905e-06,0.19073760609862697,False
original_glszm_SmallAreaHighGrayLevelEmphasis,glszm,630,-0.19064145589218415,1.4367897268061337e-06,0.19064145589218415,False
logarithm_glcm_Autocorrelation,glcm,630,-0.19029985510882508,1.5015115458720424e-06,0.19029985510882508,False
square_glcm_JointEntropy,glcm,630,0.18997718682181824,1.5652078643622762e-06,0.18997718682181824,True
log-sigma-3-0-mm-3D_glszm_GrayLevelNonUniformityNormalized,glszm,630,0.1898653218019419,1.5878894503449829e-06,0.1898653218019419,True
original_firstorder_InterquartileRange,firstorder,630,-0.18957003017022817,1.6492866195679035e-06,0.18957003017022817,False
log-sigma-5-0-mm-3D_glszm_SizeZoneNonUniformity,glszm,630,0.1893574940467415,1.694879239882936e-06,0.1893574940467415,True
exponential_firstorder_Variance,firstorder,630,-0.1884610993889585,1.9008163655265193e-06,0.1884610993889585,True
lbp-3D-m2_glcm_Autocorrelation,glcm,630,-0.1874873355936864,2.1516541623052707e-06,0.1874873355936864,True
original_glszm_GrayLevelVariance,glszm,630,-0.18707326822099435,2.267665069925755e-06,0.18707326822099435,False
wavelet-HLH_firstorder_Range,firstorder,630,0.18668849942630747,2.3808199352917615e-06,0.18668849942630747,True
log-sigma-3-0-mm-3D_gldm_LargeDependenceLowGrayLevelEmphasis,gldm,630,0.18630433052060513,2.4991822873014264e-06,0.18630433052060513,True
wavelet-LHH_glcm_SumSquares,glcm,630,-0.18623318368703817,2.5217123261457557e-06,0.18623318368703817,False
logarithm_firstorder_RootMeanSquared,firstorder,630,-0.1859958916003117,2.598270111196964e-06,0.1859958916003117,False
wavelet-HLL_glcm_Contrast,glcm,630,0.18586727540202536,2.64069064488248e-06,0.18586727540202536,False
square_firstorder_Mean,firstorder,630,0.1858374729172732,2.6506143851281883e-06,0.1858374729172732,False
original_glcm_ClusterTendency,glcm,630,-0.18480998306454527,3.0154416202952936e-06,0.18480998306454527,False
square_firstorder_RootMeanSquared,firstorder,630,0.18447102179271824,3.1459994857726094e-06,0.18447102179271824,False
lbp-3D-k_glrlm_RunPercentage,glrlm,630,-0.18405690642890743,3.3128529685877195e-06,0.18405690642890743,False
wavelet-HLH_firstorder_10Percentile,firstorder,630,0.1837582816924011,3.438392440233487e-06,0.1837582816924011,True
wavelet-LHL_glcm_SumSquares,glcm,630,-0.18350836794143988,3.5469399586271815e-06,0.18350836794143988,False
wavelet-LHL_glszm_HighGrayLevelZoneEmphasis,glszm,630,0.18317461370599866,3.6970236601108273e-06,0.18317461370599866,False
wavelet-LLH_glrlm_RunEntropy,glrlm,630,0.18290934279703305,3.820624457282023e-06,0.18290934279703305,False
wavelet-HLL_firstorder_Entropy,firstorder,630,-0.18244061354006932,4.048745619496216e-06,0.18244061354006932,True
log-sigma-4-0-mm-3D_glcm_MCC,glcm,630,-0.18235698901562383,4.090789609611058e-06,0.18235698901562383,True
lbp-3D-m2_glcm_SumAverage,glcm,630,-0.18233877638605306,4.100001585654359e-06,0.18233877638605306,False
lbp-3D-m2_glcm_JointAverage,glcm,630,-0.18233877638605306,4.100001585654359e-06,0.18233877638605306,False
lbp-3D-k_glcm_ClusterProminence,glcm,630,0.18142123418641248,4.590645603758258e-06,0.18142123418641248,True
wavelet-HHL_glcm_DifferenceEntropy,glcm,630,-0.18122655821314806,4.701730138789365e-06,0.18122655821314806,False
logarithm_firstorder_Uniformity,firstorder,630,0.1810461595977158,4.806957105883332e-06,0.1810461595977158,False
logarithm_glrlm_GrayLevelNonUniformityNormalized,glrlm,630,0.18101050219647447,4.828020809535408e-06,0.18101050219647447,False
squareroot_glcm_JointAverage,glcm,630,-0.1810062549824639,4.830535613164882e-06,0.1810062549824639,False
squareroot_glcm_SumAverage,glcm,630,-0.1810062549824639,4.830535613164882e-06,0.1810062549824639,False
square_glszm_ZoneVariance,glszm,630,0.18095775995695332,4.8593387153661115e-06,0.18095775995695332,False
wavelet-LLH_glcm_Autocorrelation,glcm,630,0.1802752302658979,5.282538826847063e-06,0.1802752302658979,False
wavelet-LHH_firstorder_10Percentile,firstorder,630,0.18001449451765544,5.4533192042512305e-06,0.18001449451765544,False
squareroot_firstorder_Median,firstorder,630,-0.17981636318384012,5.586606722888981e-06,0.17981636318384012,True
wavelet-LHL_glcm_SumAverage,glcm,630,0.17972088485305998,5.651942613199546e-06,0.17972088485305998,False
wavelet-LHL_glcm_JointAverage,glcm,630,0.17972088485305998,5.651942613199546e-06,0.17972088485305998,False
wavelet-LHL_glcm_Autocorrelation,glcm,630,0.17869241118239737,6.403595901861897e-06,0.17869241118239737,False
wavelet-LLL_glcm_SumSquares,glcm,630,-0.1785312570055894,6.529696248871959e-06,0.1785312570055894,False
wavelet-LHL_glrlm_HighGrayLevelRunEmphasis,glrlm,630,0.1776973393303943,7.2210001976720645e-06,0.1776973393303943,False
wavelet-LLL_glcm_Idn,glcm,630,0.177403993616952,7.480374342143755e-06,0.177403993616952,True
lbp-3D-k_glcm_ClusterTendency,glcm,630,0.1773471001456578,7.5316976123839554e-06,0.1773471001456578,False
gradient_glszm_GrayLevelVariance,glszm,630,-0.1771651898099845,7.69806139409643e-06,0.1771651898099845,True
wavelet-LHL_gldm_HighGrayLevelEmphasis,gldm,630,0.17712826064409593,7.732259810959212e-06,0.17712826064409593,False
wavelet-LLL_firstorder_Variance,firstorder,630,-0.1770138258214042,7.839155319383613e-06,0.1770138258214042,False
wavelet-LLL_gldm_GrayLevelVariance,gldm,630,-0.17694838993097012,7.90091196730701e-06,0.17694838993097012,False
wavelet-HHH_glszm_LargeAreaLowGrayLevelEmphasis,glszm,630,0.17646068018653538,8.376036716036296e-06,0.17646068018653538,True
wavelet-LLL_glrlm_GrayLevelVariance,glrlm,630,-0.17626449249302992,8.574743520583744e-06,0.17626449249302992,False
wavelet-LLL_gldm_SmallDependenceHighGrayLevelEmphasis,gldm,630,-0.17616183948999464,8.6804976631151e-06,0.17616183948999464,False
square_glszm_LargeAreaEmphasis,glszm,630,0.17603379918513348,8.8141494312563e-06,0.17603379918513348,True
log-sigma-4-0-mm-3D_glszm_SmallAreaHighGrayLevelEmphasis,glszm,630,-0.17594537554881157,8.907591018375019e-06,0.17594537554881157,False
log-sigma-4-0-mm-3D_glcm_Idn,glcm,630,0.17594288001063588,8.910241828337314e-06,0.17594288001063588,True
squareroot_glcm_Autocorrelation,glcm,630,-0.17558952140317977,9.293274377077025e-06,0.17558952140317977,False
lbp-3D-m1_gldm_LargeDependenceLowGrayLevelEmphasis,gldm,630,0.17540578740499346,9.498589182886921e-06,0.17540578740499346,True
wavelet-LHH_glcm_ClusterTendency,glcm,630,-0.17522798030997444,9.701391785622397e-06,0.17522798030997444,False
wavelet-HHH_firstorder_Minimum,firstorder,630,-0.17481004965222194,1.0194445534642055e-05,0.17481004965222194,False
original_glcm_ClusterProminence,glcm,630,-0.17412867174801686,1.104985853405146e-05,0.17412867174801686,False
logarithm_firstorder_Entropy,firstorder,630,-0.17404331954329585,1.1161708618424381e-05,0.17404331954329585,False
wavelet-LHL_glcm_MaximumProbability,glcm,630,-0.1737081975609699,1.1611386694081288e-05,0.1737081975609699,True
wavelet-LHL_glrlm_ShortRunHighGrayLevelEmphasis,glrlm,630,0.17357926942041157,1.1788939659249553e-05,0.17357926942041157,False
original_glcm_ClusterShade,glcm,630,-0.1733286837937876,1.2141454565997668e-05,0.1733286837937876,False
gradient_glrlm_GrayLevelNonUniformityNormalized,glrlm,630,0.17323435724985783,1.2276731571993274e-05,0.17323435724985783,False
wavelet-LLH_glcm_SumAverage,glcm,630,0.1731413984528128,1.241145007208463e-05,0.1731413984528128,False
wavelet-LLH_glcm_JointAverage,glcm,630,0.1731413984528128,1.241145007208463e-05,0.1731413984528128,False
wavelet-HHH_glcm_Autocorrelation,glcm,630,0.17293050148140635,1.2722325147068657e-05,0.17293050148140635,False
gradient_firstorder_Entropy,firstorder,630,-0.17290290658811727,1.2763545876621249e-05,0.17290290658811727,False
lbp-3D-m1_glcm_Idn,glcm,630,-0.1728694327827797,1.281371906023627e-05,0.1728694327827797,False
lbp-3D-m2_firstorder_90Percentile,firstorder,630,-0.17279112277831174,1.293183062143383e-05,0.17279112277831174,True
wavelet-HLH_firstorder_Skewness,firstorder,630,0.17266703023939436,1.3121118514932377e-05,0.17266703023939436,True
original_glcm_DifferenceEntropy,glcm,630,-0.1724105177096031,1.3520789281998553e-05,0.1724105177096031,True
wavelet-LHH_firstorder_Uniformity,firstorder,630,0.1723178948503894,1.366793077835555e-05,0.1723178948503894,False
lbp-3D-k_glcm_SumEntropy,glcm,630,0.17214469490277173,1.3947175912202531e-05,0.17214469490277173,False
wavelet-LLL_glszm_GrayLevelVariance,glszm,630,-0.17212043539223673,1.3986719539683278e-05,0.17212043539223673,False
wavelet-LHL_glrlm_RunEntropy,glrlm,630,-0.1719435641240336,1.4278265224614374e-05,0.1719435641240336,False
wavelet-HHH_glcm_SumAverage,glcm,630,0.17136071198665012,1.528047542404529e-05,0.17136071198665012,False
wavelet-HHH_glcm_JointAverage,glcm,630,0.17136071198665012,1.528047542404529e-05,0.17136071198665012,False
log-sigma-5-0-mm-3D_gldm_LargeDependenceLowGrayLevelEmphasis,gldm,630,0.17113021064322873,1.5694993713624335e-05,0.17113021064322873,True
wavelet-HLL_firstorder_MeanAbsoluteDeviation,firstorder,630,-0.17066388094220317,1.656653963655151e-05,0.17066388094220317,False
logarithm_firstorder_Range,firstorder,630,-0.17025684426841,1.7364701250392947e-05,0.17025684426841,True
log-sigma-3-0-mm-3D_glszm_SmallAreaHighGrayLevelEmphasis,glszm,630,-0.17009288261115427,1.76964319286067e-05,0.17009288261115427,False
logarithm_firstorder_Maximum,firstorder,630,-0.16987440304298315,1.8147834151918933e-05,0.16987440304298315,False
original_glrlm_ShortRunHighGrayLevelEmphasis,glrlm,630,-0.1692514303303133,1.9495823760228045e-05,0.1692514303303133,False
lbp-3D-k_glcm_JointEntropy,glcm,630,0.1688746280613412,2.0356758098854257e-05,0.1688746280613412,False
log-sigma-4-0-mm-3D_firstorder_Maximum,firstorder,630,-0.16830070227204774,2.1737804525189905e-05,0.16830070227204774,True
lbp-3D-k_glcm_Autocorrelation,glcm,630,0.16805520370401272,2.2355323607340176e-05,0.16805520370401272,False
logarithm_glszm_GrayLevelNonUniformityNormalized,glszm,630,0.16753860732626355,2.37095828710961e-05,0.16753860732626355,False
wavelet-HHH_firstorder_Range,firstorder,630,0.1675296529624329,2.3733729506686997e-05,0.1675296529624329,True
wavelet-LHH_glrlm_GrayLevelNonUniformityNormalized,glrlm,630,0.16745164339888272,2.394508246262727e-05,0.16745164339888272,False
original_glszm_HighGrayLevelZoneEmphasis,glszm,630,-0.16732321916507142,2.4296921175652927e-05,0.16732321916507142,False
wavelet-LLL_firstorder_MeanAbsoluteDeviation,firstorder,630,-0.16700530199882221,2.518913428391867e-05,0.16700530199882221,False
wavelet-LLL_glcm_ClusterTendency,glcm,630,-0.1668578972775399,2.561328476543516e-05,0.1668578972775399,False
lbp-3D-m2_firstorder_RobustMeanAbsoluteDeviation,firstorder,630,0.16680930626979182,2.57545821782642e-05,0.16680930626979182,False
wavelet-HHH_glszm_HighGrayLevelZoneEmphasis,glszm,630,0.16625491286583513,2.7419944895536167e-05,0.16625491286583513,False
lbp-3D-k_glcm_SumSquares,glcm,630,0.16617944683157942,2.7654385968647976e-05,0.16617944683157942,False
wavelet-LHL_firstorder_Median,firstorder,630,-0.16612221742245387,2.7833439833552062e-05,0.16612221742245387,True
original_glrlm_HighGrayLevelRunEmphasis,glrlm,630,-0.16591964691015287,2.8476097695606003e-05,0.16591964691015287,False
original_gldm_HighGrayLevelEmphasis,gldm,630,-0.16547563307935237,2.9934309135765734e-05,0.16547563307935237,False
log-sigma-3-0-mm-3D_glrlm_ShortRunHighGrayLevelEmphasis,glrlm,630,-0.16518775835344912,3.091726947706017e-05,0.16518775835344912,False
lbp-3D-k_glcm_JointEnergy,glcm,630,-0.16499687367856705,3.1585841538834355e-05,0.16499687367856705,False
lbp-3D-k_glcm_SumAverage,glcm,630,0.1648736324855822,3.202474839606617e-05,0.1648736324855822,False
lbp-3D-k_glcm_JointAverage,glcm,630,0.1648736324855822,3.202474839606617e-05,0.1648736324855822,False
lbp-3D-k_glcm_DifferenceEntropy,glcm,630,0.1648399427202102,3.214573232786003e-05,0.1648399427202102,True
lbp-3D-k_glcm_DifferenceVariance,glcm,630,0.16410260717152678,3.490464115648075e-05,0.16410260717152678,False
logarithm_gldm_LargeDependenceHighGrayLevelEmphasis,gldm,630,-0.16347641905389979,3.742238274467776e-05,0.16347641905389979,True
lbp-3D-m1_glcm_DifferenceEntropy,glcm,630,0.1625231714618991,4.158772411041622e-05,0.1625231714618991,False
lbp-3D-k_gldm_LargeDependenceLowGrayLevelEmphasis,gldm,630,0.16193268873663222,4.438411328993855e-05,0.16193268873663222,True
wavelet-LLH_glcm_DifferenceAverage,glcm,630,-0.16181235100633257,4.497541737352082e-05,0.16181235100633257,False
wavelet-HHH_glcm_InverseVariance,glcm,630,0.16180671204987784,4.500330754249419e-05,0.16180671204987784,False
squareroot_firstorder_Skewness,firstorder,630,0.1617892432826479,4.508981162874893e-05,0.1617892432826479,False
wavelet-HHH_glcm_Idm,glcm,630,0.16157117163898627,4.6183012292110446e-05,0.16157117163898627,False
wavelet-LLL_glcm_ClusterProminence,glcm,630,-0.16148898684810364,4.6601475691682215e-05,0.16148898684810364,True
squareroot_glrlm_GrayLevelNonUniformityNormalized,glrlm,630,0.16146621506225034,4.6718056722762496e-05,0.16146621506225034,False
logarithm_firstorder_Mean,firstorder,630,-0.16140238687429484,4.704629972794138e-05,0.16140238687429484,True
log-sigma-4-0-mm-3D_glrlm_ShortRunHighGrayLevelEmphasis,glrlm,630,-0.16119650497479912,4.8119998477584926e-05,0.16119650497479912,False
squareroot_firstorder_Uniformity,firstorder,630,0.16116648653001253,4.827847079422872e-05,0.16116648653001253,False
wavelet-HHL_glcm_SumEntropy,glcm,630,-0.1610938279762045,4.866409300554836e-05,0.1610938279762045,False
wavelet-HHH_glcm_Id,glcm,630,0.16081053640214318,5.019561102125364e-05,0.16081053640214318,False
lbp-3D-k_glcm_MaximumProbability,glcm,630,-0.16057437210670766,5.1507072915438613e-05,0.16057437210670766,False
squareroot_glcm_ClusterShade,glcm,630,-0.16051999816914853,5.1813575538805674e-05,0.16051999816914853,False
wavelet-HHH_firstorder_InterquartileRange,firstorder,630,-0.16046504833816425,5.212507574169972e-05,0.16046504833816425,True
wavelet-HHH_glrlm_HighGrayLevelRunEmphasis,glrlm,630,0.16005162884557553,5.452608213865945e-05,0.16005162884557553,False
wavelet-LHL_glcm_Contrast,glcm,630,-0.15975881103443965,5.628950637375767e-05,0.15975881103443965,False
squareroot_firstorder_Entropy,firstorder,630,-0.15966714799760123,5.6852509628548045e-05,0.15966714799760123,False
wavelet-HHH_gldm_HighGrayLevelEmphasis,gldm,630,0.15944490112660717,5.823974293899927e-05,0.15944490112660717,False
square_firstorder_Entropy,firstorder,630,0.15931345345231376,5.907520776781761e-05,0.15931345345231376,False
wavelet-LHL_glcm_DifferenceEntropy,glcm,630,-0.1592916894799545,5.921462467527525e-05,0.1592916894799545,False
wavelet-LLL_glcm_DifferenceVariance,glcm,630,-0.15901007759504987,6.104685211337849e-05,0.15901007759504987,False
log-sigma-4-0-mm-3D_glszm_GrayLevelVariance,glszm,630,-0.15891248765504418,6.169419248818359e-05,0.15891248765504418,False
square_glrlm_LongRunLowGrayLevelEmphasis,glrlm,630,-0.15867188418112305,6.331798699964146e-05,0.15867188418112305,False
square_glszm_LowGrayLevelZoneEmphasis,glszm,630,-0.15865815872115668,6.341182426129445e-05,0.15865815872115668,True
lbp-3D-m1_glrlm_LongRunHighGrayLevelEmphasis,glrlm,630,-0.15845726789801237,6.480037660132382e-05,0.15845726789801237,True
wavelet-HHH_firstorder_RobustMeanAbsoluteDeviation,firstorder,630,-0.15786508148802939,6.906249940301915e-05,0.15786508148802939,False
lbp-3D-k_glrlm_RunLengthNonUniformityNormalized,glrlm,630,-0.15760573748223108,7.101119888852791e-05,0.15760573748223108,False
log-sigma-5-0-mm-3D_glcm_Idm,glcm,630,0.15702132563348775,7.559432592365845e-05,0.15702132563348775,False
logarithm_glcm_DifferenceEntropy,glcm,630,-0.15694441986566915,7.621781465959543e-05,0.15694441986566915,False
squareroot_glszm_GrayLevelNonUniformityNormalized,glszm,630,0.1566448251883974,7.86932421373884e-05,0.1566448251883974,False
lbp-3D-m1_firstorder_90Percentile,firstorder,630,-0.15645508302637132,8.030001486903129e-05,0.15645508302637132,True
wavelet-HLH_glrlm_LongRunHighGrayLevelEmphasis,glrlm,630,0.1563467864637065,8.123090760819844e-05,0.1563467864637065,True
wavelet-LHH_firstorder_Maximum,firstorder,630,0.15615858929147516,8.28728595763181e-05,0.15615858929147516,True
log-sigma-3-0-mm-3D_glrlm_HighGrayLevelRunEmphasis,glrlm,630,-0.15567193535165327,8.726501337887517e-05,0.15567193535165327,False
log-sigma-3-0-mm-3D_gldm_HighGrayLevelEmphasis,gldm,630,-0.1555354006187709,8.853613308324395e-05,0.1555354006187709,False
lbp-3D-m1_glcm_DifferenceAverage,glcm,630,0.15466805712935702,9.702756234009841e-05,0.15466805712935702,False
wavelet-LLH_glrlm_LongRunHighGrayLevelEmphasis,glrlm,630,0.1545532143821558,9.82077555592316e-05,0.1545532143821558,False
square_glcm_JointAverage,glcm,630,0.15428851936661536,0.00010097961678246104,0.15428851936661536,False
square_glcm_SumAverage,glcm,630,0.15428851936661536,0.00010097961678246104,0.15428851936661536,False
squareroot_glcm_DifferenceEntropy,glcm,630,-0.15426809914558146,0.00010119648841749654,0.15426809914558146,False
lbp-3D-k_glcm_Contrast,glcm,630,0.15398214406442876,0.00010427990330062661,0.15398214406442876,False
original_shape_Sphericity,shape,630,0.1539640514126549,0.00010447793953396667,0.1539640514126549,True
wavelet-LHL_glszm_SmallAreaHighGrayLevelEmphasis,glszm,630,0.1539264023799849,0.00010489116905196757,0.1539264023799849,False
logarithm_gldm_LargeDependenceLowGrayLevelEmphasis,gldm,630,0.15378823594906457,0.0001064208833295837,0.15378823594906457,True
original_glrlm_LongRunHighGrayLevelEmphasis,glrlm,630,-0.15374732352031864,0.00010687786119604026,0.15374732352031864,False
lbp-3D-k_glcm_Idm,glcm,630,-0.15372284804974923,0.00010715212625229994,0.15372284804974923,False
lbp-3D-k_glcm_DifferenceAverage,glcm,630,0.1537087626563921,0.00010731026330260593,0.1537087626563921,False
lbp-3D-k_glcm_Id,glcm,630,-0.15370461142461908,0.00010735691117861914,0.15370461142461908,False
squareroot_gldm_SmallDependenceLowGrayLevelEmphasis,gldm,630,-0.15368474310145094,0.00010758043826469478,0.15368474310145094,False
lbp-3D-k_glcm_InverseVariance,glcm,630,0.15353549072209627,0.0001092736510897708,0.15353549072209627,False
original_firstorder_Entropy,firstorder,630,-0.15294973512202759,0.00011616426041620292,0.15294973512202759,False
lbp-3D-m2_glrlm_RunLengthNonUniformityNormalized,glrlm,630,-0.15276904855988274,0.00011837096790699177,0.15276904855988274,False
wavelet-LLH_firstorder_Minimum,firstorder,630,-0.15223022827396485,0.00012518797196199878,0.15223022827396485,False
wavelet-HHH_glrlm_ShortRunHighGrayLevelEmphasis,glrlm,630,0.1521537544262151,0.00012618489521195518,0.1521537544262151,False
wavelet-HHH_glszm_SmallAreaHighGrayLevelEmphasis,glszm,630,0.1520121326347438,0.0001280508382002609,0.1520121326347438,False
square_firstorder_Skewness,firstorder,630,-0.15183910065604178,0.0001303658412054795,0.15183910065604178,True
wavelet-LLH_glszm_HighGrayLevelZoneEmphasis,glszm,630,0.15179012571934358,0.0001310281889616043,0.15179012571934358,False
wavelet-LLL_glszm_SmallAreaHighGrayLevelEmphasis,glszm,630,-0.1515323174293457,0.00013456731626662036,0.1515323174293457,False
wavelet-LLH_firstorder_Mean,firstorder,630,0.151502418962356,0.00013498351982562374,0.151502418962356,False
wavelet-LHH_gldm_GrayLevelVariance,gldm,630,-0.15143943061897883,0.00013586431578328426,0.15143943061897883,False
wavelet-LHH_firstorder_Variance,firstorder,630,-0.1513268434543595,0.00013745214674251583,0.1513268434543595,True
logarithm_glrlm_RunEntropy,glrlm,630,-0.1511217534083234,0.0001403894680375544,0.1511217534083234,False
log-sigma-4-0-mm-3D_glszm_GrayLevelNonUniformityNormalized,glszm,630,0.15050951212803532,0.0001495127693753173,0.15050951212803532,False
log-sigma-5-0-mm-3D_glszm_HighGrayLevelZoneEmphasis,glszm,630,-0.1495648735245146,0.00016468840430305986,0.1495648735245146,False
squareroot_firstorder_Maximum,firstorder,630,-0.14898874014375804,0.00017464162055883596,0.14898874014375804,False
wavelet-LLL_firstorder_RobustMeanAbsoluteDeviation,firstorder,630,-0.14891653750557823,0.00017592804387028127,0.14891653750557823,False
wavelet-HLH_firstorder_Uniformity,firstorder,630,0.14839988911652907,0.00018539578724020782,0.14839988911652907,False
wavelet-HHL_glcm_DifferenceVariance,glcm,630,-0.14838018876227665,0.00018576609077674755,0.14838018876227665,False
lbp-3D-m1_glszm_GrayLevelVariance,glszm,630,0.14829226063995268,0.00018742733007502438,0.14829226063995268,False
square_gldm_HighGrayLevelEmphasis,gldm,630,0.14812518795272644,0.00019062230934693407,0.14812518795272644,False
lbp-3D-k_glcm_Idn,glcm,630,-0.14808151603465158,0.00019146583922724763,0.14808151603465158,False
wavelet-LHH_glrlm_GrayLevelVariance,glrlm,630,-0.14800153883523212,0.00019301969135111641,0.14800153883523212,False
wavelet-HLH_glszm_SizeZoneNonUniformityNormalized,glszm,630,-0.1477687716843457,0.0001976095938459423,0.1477687716843457,True
square_glcm_MCC,glcm,630,-0.14772103074605905,0.00019856354714402647,0.14772103074605905,False
lbp-3D-k_glrlm_LongRunEmphasis,glrlm,630,0.14754785479400076,0.00020206027577050067,0.14754785479400076,False
square_glrlm_HighGrayLevelRunEmphasis,glrlm,630,0.147521219723087,0.00020260317802636143,0.147521219723087,False
logarithm_glcm_ClusterShade,glcm,630,-0.14733446228441857,0.00020644842237737572,0.14733446228441857,True
gradient_glcm_JointEntropy,glcm,630,-0.14703408587207742,0.00021277677603691517,0.14703408587207742,True
log-sigma-4-0-mm-3D_gldm_HighGrayLevelEmphasis,gldm,630,-0.1469638748653263,0.00021428196537371166,0.1469638748653263,False
log-sigma-5-0-mm-3D_glszm_GrayLevelVariance,glszm,630,-0.14695161313448224,0.0002145458542842683,0.14695161313448224,False
wavelet-LLL_glcm_Autocorrelation,glcm,630,-0.14689666330349796,0.00021573219183339308,0.14689666330349796,False
wavelet-HLH_glcm_Correlation,glcm,630,0.14674741092414326,0.00021898555703405985,0.14674741092414326,False
wavelet-LLL_glrlm_ShortRunHighGrayLevelEmphasis,glrlm,630,-0.14673478925990843,0.00021926277785375945,0.14673478925990843,False
log-sigma-4-0-mm-3D_glrlm_HighGrayLevelRunEmphasis,glrlm,630,-0.146670841094156,0.00022067238677393207,0.146670841094156,False
wavelet-LLL_gldm_HighGrayLevelEmphasis,gldm,630,-0.1464034585759648,0.00022665873782053391,0.1464034585759648,False
log-sigma-3-0-mm-3D_gldm_LargeDependenceHighGrayLevelEmphasis,gldm,630,0.14635568341723565,0.00022774424588395682,0.14635568341723565,True
wavelet-LLL_glcm_JointAverage,glcm,630,-0.14602665630699269,0.00023535337083524554,0.14602665630699269,False
wavelet-LLL_glcm_SumAverage,glcm,630,-0.14602665630699269,0.00023535337083524554,0.14602665630699269,False
wavelet-LLH_glrlm_HighGrayLevelRunEmphasis,glrlm,630,0.14584441003348803,0.00023966978719767418,0.14584441003348803,False
wavelet-HHH_firstorder_10Percentile,firstorder,630,0.1458090165833999,0.0002405166101263189,0.1458090165833999,False
log-sigma-3-0-mm-3D_glcm_Autocorrelation,glcm,630,-0.14576812815021334,0.00024149839199247742,0.14576812815021334,False
wavelet-LLL_glrlm_HighGrayLevelRunEmphasis,glrlm,630,-0.14571807341334295,0.00024270537445271573,0.14571807341334295,False
wavelet-HLH_glszm_SmallAreaEmphasis,glszm,630,-0.14568188810979524,0.0002435814330861196,0.14568188810979524,False
wavelet-LLH_gldm_HighGrayLevelEmphasis,gldm,630,0.1453421109889492,0.00025195314233418515,0.1453421109889492,False
logarithm_firstorder_10Percentile,firstorder,630,0.14515813703516905,0.0002565976374917178,0.14515813703516905,False
squareroot_glcm_MaximumProbability,glcm,630,-0.14502647340084124,0.0002599705760288973,0.14502647340084124,False
log-sigma-5-0-mm-3D_glcm_ClusterProminence,glcm,630,-0.14439601407364427,0.000276704104151586,0.14439601407364427,False
log-sigma-3-0-mm-3D_glcm_SumEntropy,glcm,630,-0.144365827659942,0.0002775300340395094,0.144365827659942,False
original_glszm_GrayLevelNonUniformityNormalized,glszm,630,0.14419289166347748,0.00028230632855198636,0.14419289166347748,False
lbp-3D-m1_firstorder_Maximum,firstorder,630,0.1441920584167104,0.00028232952676324414,0.1441920584167104,False
gradient_firstorder_Maximum,firstorder,630,-0.14408445573063122,0.0002853402839780567,0.14408445573063122,True
log-sigma-4-0-mm-3D_firstorder_Kurtosis,firstorder,630,0.1439752759354441,0.00028842582161687824,0.1439752759354441,False
wavelet-LLH_glrlm_ShortRunHighGrayLevelEmphasis,glrlm,630,0.14393623516032994,0.0002895367042155288,0.14393623516032994,False
log-sigma-4-0-mm-3D_glcm_Idmn,glcm,630,0.1438189448660718,0.00029289823081266226,0.1438189448660718,False
lbp-3D-m2_gldm_LargeDependenceHighGrayLevelEmphasis,gldm,630,0.14376505083970031,0.0002944550253163619,0.14376505083970031,True
lbp-3D-m2_glszm_SmallAreaEmphasis,glszm,630,0.1436627337744964,0.00029743187372367047,0.1436627337744964,False
lbp-3D-m1_glszm_ZoneEntropy,glszm,630,-0.14337386340645614,0.0003059888355058176,0.14337386340645614,False
log-sigma-5-0-mm-3D_glcm_Id,glcm,630,0.14304914332554483,0.00031588205069920175,0.14304914332554483,False
wavelet-HLL_glcm_MCC,glcm,630,0.14212644208063718,0.00034564860386040785,0.14212644208063718,True
original_glcm_SumAverage,glcm,630,-0.14196735152193596,0.0003510382276318762,0.14196735152193596,False
original_glcm_JointAverage,glcm,630,-0.14196735152193596,0.0003510382276318762,0.14196735152193596,False
original_glrlm_GrayLevelNonUniformityNormalized,glrlm,630,0.14161509671021139,0.00036325205858758953,0.14161509671021139,False
squareroot_firstorder_Range,firstorder,630,-0.14111769275978642,0.000381174917880275,0.14111769275978642,False
exponential_firstorder_Kurtosis,firstorder,630,0.14098878861478747,0.0003859524145730082,0.14098878861478747,True
wavelet-LHL_firstorder_Variance,firstorder,630,-0.1409422612251462,0.00038769050008787264,0.1409422612251462,False
wavelet-LHL_gldm_GrayLevelVariance,gldm,630,-0.1407950244727796,0.00039323890492385635,0.1407950244727796,False
original_firstorder_Uniformity,firstorder,630,0.14049421614036958,0.0004048052725796605,0.14049421614036958,False
square_glcm_Autocorrelation,glcm,630,0.14036195261705717,0.0004099906144754167,0.14036195261705717,False
original_glcm_Autocorrelation,glcm,630,-0.14027780019030528,0.00041332192515842456,0.14027780019030528,False
log-sigma-5-0-mm-3D_glrlm_ShortRunHighGrayLevelEmphasis,glrlm,630,-0.13979013843698931,0.00043312861980089395,0.13979013843698931,False
wavelet-LLL_glrlm_LongRunHighGrayLevelEmphasis,glrlm,630,-0.1393562987233667,0.00045148881299257446,0.1393562987233667,False
lbp-3D-k_glcm_Idmn,glcm,630,-0.13929160669527338,0.0004542878714354988,0.13929160669527338,False
logarithm_firstorder_Minimum,firstorder,630,0.13919540849771186,0.0004584800064882533,0.13919540849771186,True
wavelet-LLL_firstorder_InterquartileRange,firstorder,630,-0.13917774776600683,0.0004592535292763457,0.13917774776600683,True
wavelet-HHL_glrlm_LongRunHighGrayLevelEmphasis,glrlm,630,0.1391027376473794,0.0004625524558417273,0.1391027376473794,False
square_glszm_ZonePercentage,glszm,630,-0.13889477280072188,0.0004718144089021617,0.13889477280072188,True
log-sigma-4-0-mm-3D_glszm_HighGrayLevelZoneEmphasis,glszm,630,-0.1385130467755721,0.0004892656653439768,0.1385130467755721,False
gradient_glszm_LowGrayLevelZoneEmphasis,glszm,630,0.13838954163143408,0.0004950392645840688,0.13838954163143408,True
logarithm_glszm_LargeAreaHighGrayLevelEmphasis,glszm,630,-0.1383063490270574,0.0004989639949293043,0.1383063490270574,False
log-sigma-5-0-mm-3D_glcm_ClusterTendency,glcm,630,-0.13704850180426442,0.0005619438056961895,0.13704850180426442,False
wavelet-HHH_firstorder_Uniformity,firstorder,630,0.13701989909748133,0.0005634582746546704,0.13701989909748133,False
wavelet-LLL_glszm_HighGrayLevelZoneEmphasis,glszm,630,-0.1368654156861814,0.0005717036897430132,0.1368654156861814,False
wavelet-HHH_glcm_DifferenceAverage,glcm,630,-0.13683069411175594,0.0005735722854046325,0.13683069411175594,False
square_glrlm_ShortRunHighGrayLevelEmphasis,glrlm,630,0.1367193307206651,0.0005796038279827098,0.1367193307206651,False
wavelet-HLH_glszm_HighGrayLevelZoneEmphasis,glszm,630,0.13671558741340153,0.0005798075886255587,0.13671558741340153,False
wavelet-HLH_glcm_Autocorrelation,glcm,630,0.1363747784835021,0.0005986402371522003,0.1363747784835021,False
squareroot_glrlm_RunEntropy,glrlm,630,-0.13605383787677075,0.0006168927996197067,0.13605383787677075,False
wavelet-HLH_glcm_SumAverage,glcm,630,0.1357004072826365,0.0006375900407376586,0.1357004072826365,False
wavelet-HLH_glcm_JointAverage,glcm,630,0.1357004072826365,0.0006375900407376586,0.1357004072826365,False
log-sigma-3-0-mm-3D_firstorder_Range,firstorder,630,-0.13548509512830376,0.0006505128803202807,0.13548509512830376,False
wavelet-HHL_firstorder_Range,firstorder,630,0.13530292084147724,0.0006616361569832111,0.13530292084147724,False
wavelet-LLH_firstorder_RootMeanSquared,firstorder,630,0.1352872277456416,0.0006626025605444678,0.1352872277456416,True
lbp-3D-m1_glcm_Idmn,glcm,630,-0.13465007365737713,0.0007029633002836357,0.13465007365737713,False
exponential_glcm_Idmn,glcm,630,0.13462419721837104,0.0007046496363910633,0.13462419721837104,True
lbp-3D-m1_glrlm_RunPercentage,glrlm,630,-0.1345500121747551,0.0007095049951478974,0.1345500121747551,False
wavelet-LHL_glrlm_GrayLevelVariance,glrlm,630,-0.1344597648759202,0.000715453424571765,0.1344597648759202,False
wavelet-HLH_glcm_DifferenceAverage,glcm,630,-0.1343238300320224,0.0007245005366914561,0.1343238300320224,False
log-sigma-3-0-mm-3D_glcm_SumAverage,glcm,630,-0.13428035007842265,0.0007274166406740088,0.13428035007842265,False
log-sigma-3-0-mm-3D_glcm_JointAverage,glcm,630,-0.13428035007842265,0.0007274166406740088,0.13428035007842265,False
wavelet-LHL_glcm_ClusterShade,glcm,630,0.13414170373631468,0.0007367881440087939,0.13414170373631468,False
square_glszm_HighGrayLevelZoneEmphasis,glszm,630,0.1341155877881051,0.0007385658685861136,0.1341155877881051,False
wavelet-HHL_glcm_Correlation,glcm,630,-0.1340388107776856,0.0007438151578317603,0.1340388107776856,True
wavelet-HLH_glrlm_GrayLevelNonUniformityNormalized,glrlm,630,0.13388382345963867,0.0007545172109475567,0.13388382345963867,False
wavelet-HHH_firstorder_MeanAbsoluteDeviation,firstorder,630,-0.13376698908100879,0.0007626788615109789,0.13376698908100879,False
log-sigma-3-0-mm-3D_glszm_HighGrayLevelZoneEmphasis,glszm,630,-0.1337385063520226,0.0007646809274720833,0.1337385063520226,False
log-sigma-3-0-mm-3D_glrlm_RunEntropy,glrlm,630,-0.13303058935914125,0.0008160322832710492,0.13303058935914125,False
wavelet-HHL_firstorder_Maximum,firstorder,630,0.1320974260503431,0.0008886040056336706,0.1320974260503431,False
original_firstorder_Maximum,firstorder,630,-0.13141947951112964,0.000945021631934202,0.13141947951112964,True
wavelet-HLH_firstorder_Minimum,firstorder,630,-0.13140217871281537,0.0009465037654481975,0.13140217871281537,False
original_shape_Elongation,shape,630,0.13105772245788988,0.0009764636288138478,0.13105772245788988,True
logarithm_glcm_JointEnergy,glcm,630,-0.13105558685310492,0.0009766520804096027,0.13105558685310492,False
exponential_glcm_Idn,glcm,630,0.13059184649223676,0.0010183788895399804,0.13059184649223676,False
lbp-3D-k_firstorder_Skewness,firstorder,630,-0.13055052831923714,0.001022175412808752,0.13055052831923714,False
wavelet-HLH_firstorder_90Percentile,firstorder,630,-0.13042193611651018,0.0010340749013716907,0.13042193611651018,True
log-sigma-4-0-mm-3D_glcm_Autocorrelation,glcm,630,-0.1299694758488073,0.0010769680720673972,0.1299694758488073,False
wavelet-HLH_glszm_LargeAreaLowGrayLevelEmphasis,glszm,630,0.12981904768704292,0.001091588406031359,0.12981904768704292,False
wavelet-LLH_glszm_SmallAreaHighGrayLevelEmphasis,glszm,630,0.12957191742096993,0.0011160054394385337,0.12957191742096993,False
wavelet-HLH_firstorder_MeanAbsoluteDeviation,firstorder,630,-0.12949628341779854,0.001123578333050322,0.12949628341779854,False
wavelet-HHH_glcm_JointEntropy,glcm,630,0.12942607241104745,0.0011306506383434523,0.12942607241104745,True
exponential_glcm_DifferenceEntropy,glcm,630,-0.12940468296550836,0.0011328133270418065,0.12940468296550836,False
exponential_glcm_JointEntropy,glcm,630,-0.12932332904108607,0.0011410739260937813,0.12932332904108607,False
exponential_glcm_SumEntropy,glcm,630,-0.12930742896828154,0.0011426948790950583,0.12930742896828154,False
log-sigma-5-0-mm-3D_firstorder_Kurtosis,firstorder,630,-0.12902357089797745,0.0011719928195544152,0.12902357089797745,True
wavelet-LLH_glcm_Correlation,glcm,630,0.12892871645174125,0.0011819363993120294,0.12892871645174125,True
squareroot_gldm_DependenceEntropy,gldm,630,0.12891988608588872,0.001182866031131792,0.12891988608588872,False
wavelet-HLH_glcm_JointEnergy,glcm,630,-0.1277906310658227,0.0013074606180430827,0.1277906310658227,False
log-sigma-4-0-mm-3D_firstorder_Skewness,firstorder,630,0.12760545733407347,0.0013290086618777549,0.12760545733407347,True
exponential_glcm_InverseVariance,glcm,630,-0.12752080729735554,0.0013389675645889669,0.12752080729735554,False
wavelet-LLH_firstorder_Entropy,firstorder,630,0.12745970830638853,0.001346198364952781,0.12745970830638853,True
log-sigma-5-0-mm-3D_gldm_GrayLevelVariance,gldm,630,-0.12713171300519896,0.0013856332129687943,0.12713171300519896,False
log-sigma-5-0-mm-3D_firstorder_Variance,firstorder,630,-0.1270883050382773,0.001390931046861446,0.1270883050382773,False
wavelet-HLH_glrlm_HighGrayLevelRunEmphasis,glrlm,630,0.1270805784681564,0.001391876006800326,0.1270805784681564,False
exponential_glcm_JointEnergy,glcm,630,0.1266897727837209,0.0014404490988629136,0.1266897727837209,False
wavelet-HHH_glrlm_GrayLevelNonUniformityNormalized,glrlm,630,0.12668565955185102,0.0014409685196755597,0.12668565955185102,False
exponential_glcm_MaximumProbability,glcm,630,0.12665011821166916,0.0014454638754525875,0.12665011821166916,False
wavelet-HLH_gldm_HighGrayLevelEmphasis,gldm,630,0.12641942882051013,0.0014749569250263794,0.12641942882051013,False
log-sigma-5-0-mm-3D_glcm_SumSquares,glcm,630,-0.1262894688708984,0.0014918145881493603,0.1262894688708984,False
exponential_glcm_Id,glcm,630,0.126249308246754,0.001497059703368714,0.126249308246754,False
square_firstorder_90Percentile,firstorder,630,0.12597735863001955,0.0015330256157501734,0.12597735863001955,False
exponential_glcm_Idm,glcm,630,0.12586474302240136,0.0015481503838098059,0.12586474302240136,False
wavelet-LHH_glcm_DifferenceVariance,glcm,630,-0.12581889195586227,0.0015543475587410322,0.12581889195586227,False
exponential_firstorder_Uniformity,firstorder,630,0.12581514075283576,0.0015548555739777585,0.12581514075283576,False
log-sigma-5-0-mm-3D_glrlm_GrayLevelVariance,glrlm,630,-0.12575657548814778,0.0015628067144451284,0.12575657548814778,False
log-sigma-4-0-mm-3D_glcm_SumEntropy,glcm,630,-0.12540971967728412,0.001610668413500352,0.12540971967728412,False
exponential_gldm_LowGrayLevelEmphasis,gldm,630,0.12539846315010064,0.0016122439840495332,0.12539846315010064,False
log-sigma-5-0-mm-3D_glrlm_HighGrayLevelRunEmphasis,glrlm,630,-0.1252204427048806,0.0016373503230810793,0.1252204427048806,False
squareroot_glszm_LargeAreaLowGrayLevelEmphasis,glszm,630,0.12498715787657094,0.0016707940117062026,0.12498715787657094,False
original_firstorder_Kurtosis,firstorder,630,0.12496976109601915,0.0016733129620712488,0.12496976109601915,True
exponential_firstorder_Entropy,firstorder,630,-0.12492402969196004,0.001679951230253433,0.12492402969196004,False
wavelet-LLH_firstorder_Range,firstorder,630,0.12492114609271164,0.0016803706159975093,0.12492114609271164,True
lbp-3D-m1_glcm_Contrast,glcm,630,0.12489489495074799,0.0016841929583938863,0.12489489495074799,False
gradient_firstorder_Range,firstorder,630,-0.12448747434800472,0.001744548152735391,0.12448747434800472,False
wavelet-HLL_glrlm_GrayLevelVariance,glrlm,630,0.12420245509366788,0.0017879434012033314,0.12420245509366788,False
lbp-3D-m2_glszm_GrayLevelVariance,glszm,630,0.12414296913350414,0.0017971242934456699,0.12414296913350414,True
wavelet-HHH_firstorder_90Percentile,firstorder,630,-0.12414253818189158,0.0017971909627055563,0.12414253818189158,False
exponential_glcm_DifferenceAverage,glcm,630,-0.1239986574587459,0.0018195768592876864,0.1239986574587459,False
lbp-3D-m1_gldm_SmallDependenceLowGrayLevelEmphasis,gldm,630,-0.12382738050497126,0.001846558385272599,0.12382738050497126,False
exponential_glcm_JointAverage,glcm,630,-0.12367588026546145,0.0018707295838793245,0.12367588026546145,False
exponential_glcm_SumAverage,glcm,630,-0.12367588026546145,0.0018707295838793245,0.12367588026546145,False
log-sigma-5-0-mm-3D_firstorder_Minimum,firstorder,630,0.1231452827339847,0.0019576880777884675,0.1231452827339847,False
wavelet-HLH_firstorder_Median,firstorder,630,0.12294395999077155,0.001991640044770579,0.12294395999077155,False
wavelet-LHH_firstorder_Entropy,firstorder,630,-0.1227122108782623,0.0020313902788150185,0.1227122108782623,True
exponential_glcm_Autocorrelation,glcm,630,-0.12256816300988857,0.0020564623834874417,0.12256816300988857,False
original_glszm_LargeAreaLowGrayLevelEmphasis,glszm,630,0.12220816015788859,0.0021203656154738923,0.12220816015788859,False
wavelet-LLH_firstorder_MeanAbsoluteDeviation,firstorder,630,-0.12209360535739995,0.0021410778016138824,0.12209360535739995,False
lbp-3D-m1_glcm_SumEntropy,glcm,630,0.12209262153946529,0.002141256480464413,0.12209262153946529,False
log-sigma-5-0-mm-3D_gldm_HighGrayLevelEmphasis,gldm,630,-0.12197465936954445,0.002162779638210103,0.12197465936954445,False
logarithm_gldm_SmallDependenceLowGrayLevelEmphasis,gldm,630,-0.12193065151363827,0.002170859776917131,0.12193065151363827,True
wavelet-HHH_firstorder_Maximum,firstorder,630,0.12183992430361576,0.00218760509574257,0.12183992430361576,True
square_glcm_ClusterShade,glcm,630,-0.12152757410714309,0.0022461621909916295,0.12152757410714309,False
wavelet-LHH_firstorder_Range,firstorder,630,0.12148582183381879,0.002254097236371608,0.12148582183381879,True
wavelet-HLH_glszm_SmallAreaHighGrayLevelEmphasis,glszm,630,0.12123794770540498,0.0023017357982451714,0.12123794770540498,False
exponential_gldm_HighGrayLevelEmphasis,gldm,630,-0.12096373804518051,0.002355506224669116,0.12096373804518051,False
log-sigma-4-0-mm-3D_glcm_JointAverage,glcm,630,-0.12089545908634879,0.002369072436883401,0.12089545908634879,False
log-sigma-4-0-mm-3D_glcm_SumAverage,glcm,630,-0.12089545908634879,0.002369072436883401,0.12089545908634879,False
log-sigma-4-0-mm-3D_firstorder_Range,firstorder,630,-0.12085147522600201,0.0023778492564366475,0.12085147522600201,False
wavelet-LLL_glcm_Idmn,glcm,630,0.12042975326986718,0.0024635223286627213,0.12042975326986718,False
exponential_glcm_Imc2,glcm,630,-0.12031751222188046,0.002486794129411939,0.12031751222188046,False
exponential_glcm_Contrast,glcm,630,-0.12019326896504239,0.0025127882927004487,0.12019326896504239,False
exponential_glcm_SumSquares,glcm,630,-0.11991702135008347,0.0025714756231174944,0.11991702135008347,False
exponential_glcm_DifferenceVariance,glcm,630,-0.11984374596676035,0.002587251025482141,0.11984374596676035,False
exponential_glcm_ClusterTendency,glcm,630,-0.11938767487546728,0.002687439008165264,0.11938767487546728,False
exponential_gldm_GrayLevelVariance,gldm,630,-0.11933346014626879,0.002699580995300453,0.11933346014626879,False
exponential_glrlm_GrayLevelNonUniformityNormalized,glrlm,630,0.1192453593447534,0.0027194188419235807,0.1192453593447534,False
lbp-3D-m2_glcm_ClusterShade,glcm,630,-0.11904504152462266,0.0027650202904386223,0.11904504152462266,True
wavelet-HLH_glrlm_ShortRunHighGrayLevelEmphasis,glrlm,630,0.11900019382413812,0.0027753246607557553,0.11900019382413812,False
wavelet-LHH_firstorder_RootMeanSquared,firstorder,630,-0.11899443488988648,0.002776650386436353,0.11899443488988648,True
exponential_glrlm_LowGrayLevelRunEmphasis,glrlm,630,0.11895765338600486,0.00278513123087666,0.11895765338600486,False
wavelet-LHH_glcm_ClusterShade,glcm,630,0.11852018665426493,0.0028878249953580284,0.11852018665426493,False
square_glcm_SumEntropy,glcm,630,0.11851718720934222,0.0028885408530977684,0.11851718720934222,False
lbp-3D-m2_glszm_HighGrayLevelZoneEmphasis,glszm,630,-0.11817873396285618,0.00297036286629861,0.11817873396285618,True
log-sigma-5-0-mm-3D_glszm_GrayLevelNonUniformityNormalized,glszm,630,0.11777202206876959,0.003071474543595361,0.11777202206876959,True
log-sigma-3-0-mm-3D_glcm_JointEnergy,glcm,630,0.11746157456101886,0.0031507504978481983,0.11746157456101886,False
original_glrlm_ShortRunLowGrayLevelEmphasis,glrlm,630,-0.11712513282292689,0.0032387615916322434,0.11712513282292689,False
exponential_glcm_ClusterShade,glcm,630,-0.11695873805978539,0.0032831101822185784,0.11695873805978539,False
original_gldm_LowGrayLevelEmphasis,gldm,630,-0.11668591810400274,0.003357019385414714,0.11668591810400274,False
lbp-3D-m1_firstorder_Variance,firstorder,630,0.11641918346591483,0.003430738130332865,0.11641918346591483,True
lbp-3D-m2_glszm_GrayLevelNonUniformityNormalized,glszm,630,0.11585194784183424,0.0035924172611589747,0.11585194784183424,True
lbp-3D-m2_firstorder_Median,firstorder,630,-0.1155250572507137,0.0036887013002000336,0.1155250572507137,True
exponential_glcm_ClusterProminence,glcm,630,-0.11503379432005603,0.0038378070484996383,0.11503379432005603,True
exponential_glrlm_HighGrayLevelRunEmphasis,glrlm,630,-0.11482078515942984,0.0039041399998761854,0.11482078515942984,False
log-sigma-5-0-mm-3D_firstorder_Range,firstorder,630,-0.11463784911964886,0.003961935259819714,0.11463784911964886,False
wavelet-LLH_glszm_GrayLevelNonUniformityNormalized,glszm,630,-0.11450084922086959,0.004005724205879152,0.11450084922086959,False
exponential_glrlm_GrayLevelVariance,glrlm,630,-0.11393266198610404,0.0041920495813968115,0.11393266198610404,False
lbp-3D-m2_glszm_SmallAreaHighGrayLevelEmphasis,glszm,630,0.11351164153562429,0.004335135959386306,0.11351164153562429,False
wavelet-LHH_firstorder_Median,firstorder,630,-0.11324505087089268,0.004428007662546681,0.11324505087089268,True
original_glrlm_RunEntropy,glrlm,630,-0.1130445919678173,0.004499021907659319,0.1130445919678173,False
lbp-3D-m1_glrlm_GrayLevelNonUniformityNormalized,glrlm,630,-0.11276014860690563,0.004601555348940179,0.11276014860690563,False
wavelet-HHL_glrlm_RunEntropy,glrlm,630,-0.11269099340476732,0.004626800667479063,0.11269099340476732,False
wavelet-LHL_firstorder_RootMeanSquared,firstorder,630,-0.11252153676441319,0.004689191082716057,0.11252153676441319,True
exponential_glcm_Imc1,glcm,630,0.11222351221966873,0.004800763298748948,0.11222351221966873,True
original_glrlm_LowGrayLevelRunEmphasis,glrlm,630,-0.1120538153209435,0.004865358660355565,0.1120538153209435,False
wavelet-LLL_firstorder_Range,firstorder,630,-0.11094663621550867,0.005306414701142822,0.11094663621550867,True
square_glszm_SmallAreaHighGrayLevelEmphasis,glszm,630,0.11092184880266731,0.005316688673891721,0.11092184880266731,False
squareroot_gldm_LargeDependenceHighGrayLevelEmphasis,gldm,630,-0.11035214623182502,0.005557814872724964,0.11035214623182502,False
lbp-3D-m2_firstorder_InterquartileRange,firstorder,630,0.1101975428427282,0.0056249270898924165,0.1101975428427282,True
log-sigma-3-0-mm-3D_glcm_Correlation,glcm,630,-0.10956072469229508,0.005909120797645186,0.10956072469229508,True
log-sigma-5-0-mm-3D_firstorder_MeanAbsoluteDeviation,firstorder,630,-0.10947997963497537,0.005946062359459981,0.10947997963497537,False
log-sigma-5-0-mm-3D_firstorder_Entropy,firstorder,630,-0.10917074886122236,0.006089465814281524,0.10917074886122236,False
log-sigma-5-0-mm-3D_glcm_Autocorrelation,glcm,630,-0.10914257807450814,0.006102683016959306,0.10914257807450814,False
wavelet-HLL_firstorder_Variance,firstorder,630,0.10888666543370144,0.006223938221914511,0.10888666543370144,False
log-sigma-3-0-mm-3D_firstorder_Skewness,firstorder,630,0.10887020447996554,0.006231811234889757,0.10887020447996554,True
wavelet-HLL_gldm_GrayLevelVariance,gldm,630,0.10868860608656421,0.006319262384763436,0.10868860608656421,False
exponential_firstorder_Maximum,firstorder,630,-0.10847003053615556,0.006425980638889558,0.10847003053615556,True
square_gldm_LargeDependenceLowGrayLevelEmphasis,gldm,630,-0.10820939077015063,0.006555349159988891,0.10820939077015063,True
gradient_glszm_SmallAreaEmphasis,glszm,630,0.10754286611720285,0.006896870468205438,0.10754286611720285,False
exponential_glszm_SizeZoneNonUniformityNormalized,glszm,630,0.10657200199317761,0.007422880695673035,0.10657200199317761,False
lbp-3D-k_glrlm_LongRunLowGrayLevelEmphasis,glrlm,630,0.10651352860640255,0.007455678366707999,0.10651352860640255,False
exponential_glszm_GrayLevelNonUniformityNormalized,glszm,630,0.106436335693451,0.0074991743452549695,0.106436335693451,False
wavelet-HLL_glcm_DifferenceEntropy,glcm,630,-0.10614831619261182,0.007663475581522378,0.10614831619261182,False
gradient_gldm_LargeDependenceHighGrayLevelEmphasis,gldm,630,-0.10584126901476253,0.007842169007901197,0.10584126901476253,True
wavelet-LHH_glcm_DifferenceEntropy,glcm,630,-0.105466074448269,0.008065571731088161,0.105466074448269,False
lbp-3D-k_glszm_SizeZoneNonUniformity,glszm,630,-0.10401852368620422,0.008981697349418801,0.10401852368620422,True
wavelet-HHH_firstorder_Entropy,firstorder,630,-0.1038131883313737,0.009118894364785534,0.1038131883313737,False
wavelet-HHH_glcm_Contrast,glcm,630,-0.10373589863460496,0.00917101781829743,0.10373589863460496,False
wavelet-LHL_gldm_SmallDependenceHighGrayLevelEmphasis,gldm,630,0.10371787796950925,0.009183208860489248,0.10371787796950925,False
wavelet-LHL_glcm_MCC,glcm,630,-0.10371449459563642,0.00918549933283754,0.10371449459563642,True
gradient_firstorder_90Percentile,firstorder,630,-0.10368646778227851,0.009204492459048145,0.10368646778227851,False
wavelet-LHH_glszm_GrayLevelNonUniformityNormalized,glszm,630,0.10368216182332478,0.009207413605039828,0.10368216182332478,False
wavelet-HHL_glcm_JointAverage,glcm,630,0.1032624902435618,0.009496108303912466,0.1032624902435618,False
wavelet-HHL_glcm_SumAverage,glcm,630,0.1032624902435618,0.009496108303912466,0.1032624902435618,False
wavelet-HHH_glcm_SumSquares,glcm,630,-0.10308770658902489,0.009618699650395046,0.10308770658902489,False
log-sigma-3-0-mm-3D_glrlm_LongRunHighGrayLevelEmphasis,glrlm,630,-0.1029343509690159,0.009727418820770963,0.1029343509690159,True
wavelet-HHH_glcm_ClusterTendency,glcm,630,-0.10259104650094075,0.009974769165345971,0.10259104650094075,False
wavelet-LHH_glszm_GrayLevelVariance,glszm,630,-0.10245230417659529,0.01007630820316437,0.10245230417659529,False
wavelet-HHL_glcm_Autocorrelation,glcm,630,0.10244124222372028,0.010084443318991294,0.10244124222372028,False
wavelet-HHL_firstorder_Minimum,firstorder,630,-0.10215430332463293,0.010297510962016667,0.10215430332463293,False
log-sigma-4-0-mm-3D_glcm_JointEnergy,glcm,630,0.1020577931847994,0.01037006802946376,0.1020577931847994,False
exponential_glszm_GrayLevelVariance,glszm,630,-0.10202183070603517,0.010397220748108322,0.10202183070603517,False
lbp-3D-m2_glrlm_RunVariance,glrlm,630,0.10200106768242086,0.010412926156434379,0.10200106768242086,False
log-sigma-4-0-mm-3D_glszm_SizeZoneNonUniformity,glszm,630,0.10184545770174896,0.010531303327913829,0.10184545770174896,True
gradient_glszm_SizeZoneNonUniformityNormalized,glszm,630,0.10133113566004089,0.010931104711311559,0.10133113566004089,True
exponential_firstorder_Range,firstorder,630,-0.10106567278660022,0.011142677568337575,0.10106567278660022,False
wavelet-LHH_glcm_ClusterProminence,glcm,630,-0.10101468222291395,0.011183729774621428,0.10101468222291395,True
exponential_glcm_MCC,glcm,630,0.10017420797513356,0.011879966561801961,0.10017420797513356,False
log-sigma-5-0-mm-3D_firstorder_10Percentile,firstorder,630,0.09949847481225726,0.012467261536564276,0.09949847481225726,False
log-sigma-4-0-mm-3D_glcm_MaximumProbability,glcm,630,0.09931932396591288,0.01262720527000741,0.09931932396591288,False
exponential_glcm_Correlation,glcm,630,0.09919348978060132,0.01274062933058361,0.09919348978060132,True
log-sigma-5-0-mm-3D_glcm_SumAverage,glcm,630,-0.09917916590356389,0.012753597401896811,0.09917916590356389,False
log-sigma-5-0-mm-3D_glcm_JointAverage,glcm,630,-0.09917916590356389,0.012753597401896811,0.09917916590356389,False
exponential_glszm_ZoneEntropy,glszm,630,-0.09824348870613496,0.013626361102546758,0.09824348870613496,True
square_firstorder_Kurtosis,firstorder,630,-0.09812837636267627,0.01373728922763795,0.09812837636267627,True
exponential_glszm_HighGrayLevelZoneEmphasis,glszm,630,-0.09809692982803737,0.013767730741389308,0.09809692982803737,False
wavelet-LLH_gldm_SmallDependenceHighGrayLevelEmphasis,gldm,630,0.09763246013693297,0.014224327520362765,0.09763246013693297,False
square_glcm_Correlation,glcm,630,0.0974176038982285,0.01444001358027796,0.0974176038982285,True
wavelet-HHH_gldm_GrayLevelVariance,gldm,630,-0.09722026441787271,0.01464064487160399,0.09722026441787271,False
squareroot_glszm_LargeAreaHighGrayLevelEmphasis,glszm,630,-0.096965167626085,0.014903627150740591,0.096965167626085,False
wavelet-HHH_firstorder_Variance,firstorder,630,-0.09687791977217282,0.014994520108511732,0.09687791977217282,True
square_firstorder_InterquartileRange,firstorder,630,0.09674301673732845,0.015136018222655862,0.09674301673732845,False
exponential_glszm_LowGrayLevelZoneEmphasis,glszm,630,0.09660447118899301,0.015282556652707757,0.09660447118899301,False
log-sigma-3-0-mm-3D_firstorder_RootMeanSquared,firstorder,630,-0.09647268276533329,0.015423103014313528,0.09647268276533329,False
exponential_firstorder_Skewness,firstorder,630,0.09569827407740503,0.016272126504946218,0.09569827407740503,False
wavelet-LLL_glcm_ClusterShade,glcm,630,-0.09564020482370111,0.0163374114826765,0.09564020482370111,True
wavelet-HHL_glszm_HighGrayLevelZoneEmphasis,glszm,630,0.09517519487844156,0.01686853624249112,0.09517519487844156,False
original_glrlm_LongRunLowGrayLevelEmphasis,glrlm,630,-0.0947063696392403,0.017419264303190827,0.0947063696392403,True
lbp-3D-m1_firstorder_Uniformity,firstorder,630,-0.09440551331571151,0.01778090837581371,0.09440551331571151,False
wavelet-HHL_glcm_MaximumProbability,glcm,630,0.093663330664033,0.018701244606380008,0.093663330664033,False
log-sigma-3-0-mm-3D_glcm_MaximumProbability,glcm,630,0.09341327293971545,0.019020554640950312,0.09341327293971545,True
original_firstorder_Range,firstorder,630,-0.09310752152207276,0.019417436341155947,0.09310752152207276,False
wavelet-LHL_firstorder_Mean,firstorder,630,-0.09310346627253724,0.019422748413908907,0.09310346627253724,False
wavelet-HHL_glrlm_HighGrayLevelRunEmphasis,glrlm,630,0.0928615430428501,0.019741950148295273,0.0928615430428501,False
wavelet-HHL_gldm_HighGrayLevelEmphasis,gldm,630,0.09271519412618062,0.019937258313908336,0.09271519412618062,False
log-sigma-5-0-mm-3D_glcm_Correlation,glcm,630,-0.09267507355089427,0.01999109374728925,0.09267507355089427,True
wavelet-LHH_firstorder_Skewness,firstorder,630,0.09189488193315501,0.021063439883797195,0.09189488193315501,False
square_glcm_InverseVariance,glcm,630,0.0915661427696246,0.021530043335611416,0.0915661427696246,True
log-sigma-5-0-mm-3D_firstorder_Uniformity,firstorder,630,0.09127908389274032,0.02194480318738674,0.09127908389274032,False
wavelet-HHL_glszm_SizeZoneNonUniformityNormalized,glszm,630,-0.09101441396472981,0.02233334116175466,0.09101441396472981,True
lbp-3D-m1_glcm_DifferenceVariance,glcm,630,0.09036408522239422,0.02331346556589581,0.09036408522239422,True
log-sigma-3-0-mm-3D_firstorder_Median,firstorder,630,-0.09035803834143,0.023322751022219514,0.09035803834143,True
wavelet-HHL_glszm_GrayLevelNonUniformityNormalized,glszm,630,0.08987649653407444,0.024072553486547653,0.08987649653407444,False
lbp-3D-m1_firstorder_Entropy,firstorder,630,0.08942720260189191,0.02479085673584282,0.08942720260189191,False
wavelet-HHH_glrlm_GrayLevelVariance,glrlm,630,-0.08932651723472596,0.0249543428943797,0.08932651723472596,False
log-sigma-5-0-mm-3D_glcm_InverseVariance,glcm,630,0.08931101610336532,0.024979595143352473,0.08931101610336532,True
gradient_glcm_ClusterShade,glcm,630,0.0885054851749189,0.02632258750974254,0.0885054851749189,False
wavelet-HHH_firstorder_Skewness,firstorder,630,-0.08816146084006228,0.026914849960668005,0.08816146084006228,False
lbp-3D-m1_glcm_SumSquares,glcm,630,0.08811882073104085,0.026989051402163452,0.08811882073104085,False
wavelet-HHL_glszm_SmallAreaEmphasis,glszm,630,-0.08784678307432958,0.02746660548041246,0.08784678307432958,False
log-sigma-3-0-mm-3D_firstorder_Mean,firstorder,630,-0.08772666130406438,0.027679779384380838,0.08772666130406438,False
square_gldm_SmallDependenceEmphasis,gldm,630,-0.08768445311511183,0.027755021279168842,0.08768445311511183,False
wavelet-HHL_glcm_JointEnergy,glcm,630,0.0875455188262913,0.028003934765026738,0.0875455188262913,False
lbp-3D-k_glszm_GrayLevelVariance,glszm,630,0.08746427659319257,0.028150375248589786,0.08746427659319257,True
lbp-3D-m1_glrlm_RunLengthNonUniformityNormalized,glrlm,630,-0.08732207217732815,0.02840828610549137,0.08732207217732815,False
log-sigma-5-0-mm-3D_glcm_DifferenceEntropy,glcm,630,-0.08728595886045858,0.028474105921126557,0.08728595886045858,False
lbp-3D-m1_glrlm_GrayLevelVariance,glrlm,630,0.08706368799390513,0.028882107205325497,0.08706368799390513,False
wavelet-HLL_glcm_DifferenceAverage,glcm,630,-0.08689725479403308,0.029190890775808897,0.08689725479403308,True
lbp-3D-k_glszm_GrayLevelNonUniformityNormalized,glszm,630,-0.08669105368289466,0.029577382762833695,0.08669105368289466,False
wavelet-HLH_glcm_MaximumProbability,glcm,630,-0.08610940859285103,0.030691328984592935,0.08610940859285103,False
lbp-3D-m2_glrlm_ShortRunEmphasis,glrlm,630,-0.08593644860082714,0.031029431431663795,0.08593644860082714,False
log-sigma-5-0-mm-3D_glrlm_GrayLevelNonUniformityNormalized,glrlm,630,0.08561546000297703,0.03166535632771585,0.08561546000297703,False
original_glszm_SmallAreaLowGrayLevelEmphasis,glszm,630,-0.08551969372548435,0.031857229492810266,0.08551969372548435,True
original_glszm_LargeAreaHighGrayLevelEmphasis,glszm,630,0.08522740381665485,0.03244900955422867,0.08522740381665485,False
wavelet-HHL_glszm_SmallAreaHighGrayLevelEmphasis,glszm,630,0.08520386417290132,0.03249707485116409,0.08520386417290132,False
log-sigma-5-0-mm-3D_firstorder_RobustMeanAbsoluteDeviation,firstorder,630,-0.0848142722707787,0.033301457054830036,0.0848142722707787,False
wavelet-LLH_firstorder_90Percentile,firstorder,630,0.08417325489745378,0.03466193559865617,0.08417325489745378,True
wavelet-HLL_glcm_SumEntropy,glcm,630,-0.0839553752182672,0.03513501539685697,0.0839553752182672,False
log-sigma-4-0-mm-3D_firstorder_10Percentile,firstorder,630,0.08348475031211229,0.03617566985913976,0.08348475031211229,False
gradient_glrlm_RunEntropy,glrlm,630,0.08301479728162009,0.0372408792123368,0.08301479728162009,False
lbp-3D-k_glszm_GrayLevelNonUniformity,glszm,630,-0.08294943476710272,0.0373911211602057,0.08294943476710272,True
square_glszm_GrayLevelNonUniformityNormalized,glszm,630,-0.08290466058635197,0.03749433562456647,0.08290466058635197,True
squareroot_gldm_LargeDependenceLowGrayLevelEmphasis,gldm,630,0.08276694714876566,0.03781331314464021,0.08276694714876566,False
gradient_glcm_SumEntropy,glcm,630,-0.0824602599043071,0.03853195755725345,0.0824602599043071,False
wavelet-HHL_glrlm_ShortRunHighGrayLevelEmphasis,glrlm,630,0.08238162645621301,0.038718069440952047,0.08238162645621301,False
lbp-3D-k_glszm_LowGrayLevelZoneEmphasis,glszm,630,0.08110042944045677,0.04185942934074824,0.08110042944045677,False
square_glcm_Idm,glcm,630,-0.08079400826083614,0.042641842208057,0.08079400826083614,False
log-sigma-3-0-mm-3D_glszm_SizeZoneNonUniformity,glszm,630,0.08038061372819537,0.043716918704757454,0.08038061372819537,True
log-sigma-5-0-mm-3D_firstorder_InterquartileRange,firstorder,630,-0.07862970478683691,0.04852683657393863,0.07862970478683691,True
log-sigma-5-0-mm-3D_glcm_DifferenceVariance,glcm,630,-0.07862699328862677,0.048534615970763466,0.07862699328862677,False
wavelet-LLH_glcm_DifferenceVariance,glcm,630,0.07822319601535013,0.04970484668002689,0.07822319601535013,False
gradient_glszm_ZoneEntropy,glszm,630,0.0780435892533775,0.05023289381372277,0.0780435892533775,True
wavelet-LHL_firstorder_Skewness,firstorder,630,0.07796229229819203,0.05047344592890281,0.07796229229819203,False
wavelet-HHL_glcm_ClusterProminence,glcm,630,-0.07792164382059928,0.050594082628037676,0.07792164382059928,False
lbp-3D-m1_firstorder_MeanAbsoluteDeviation,firstorder,630,0.07778299747849134,0.05100737202278289,0.07778299747849134,False
wavelet-LHL_glcm_SumEntropy,glcm,630,-0.07762748225813801,0.05147429789493381,0.07762748225813801,False
lbp-3D-m1_glrlm_RunVariance,glrlm,630,0.07762325903968682,0.05148702748646212,0.07762325903968682,True
wavelet-HLH_firstorder_Entropy,firstorder,630,-0.07753327569200513,0.05175887984487313,0.07753327569200513,False
square_glcm_Id,glcm,630,-0.07752415737944006,0.05178649428537522,0.07752415737944006,False
wavelet-HLL_glszm_LargeAreaLowGrayLevelEmphasis,glszm,630,-0.07710536288154982,0.05306811306335265,0.07710536288154982,False
wavelet-HLL_firstorder_10Percentile,firstorder,630,0.07706512232846656,0.0531926397506053,0.07706512232846656,True
lbp-3D-m1_gldm_LargeDependenceEmphasis,gldm,630,0.07661724521260559,0.054595132369012075,0.07661724521260559,True
gradient_glszm_GrayLevelNonUniformityNormalized,glszm,630,0.0763224385171395,0.05553498572778994,0.0763224385171395,True
wavelet-LLH_firstorder_Skewness,firstorder,630,-0.07554637138851542,0.05807358865280998,0.07554637138851542,True
log-sigma-5-0-mm-3D_glcm_Idmn,glcm,630,-0.075249498327844,0.059069797254178,0.075249498327844,False
squareroot_glszm_ZoneEntropy,glszm,630,0.07521412887331526,0.0591894234179966,0.07521412887331526,False
lbp-3D-k_firstorder_10Percentile,firstorder,630,0.07495284122720704,0.06007937553405207,0.07495284122720704,True
gradient_glcm_DifferenceAverage,glcm,630,-0.07422416807546045,0.06261988597866824,0.07422416807546045,False
log-sigma-5-0-mm-3D_firstorder_Mean,firstorder,630,0.07416977014234195,0.06281304656696057,0.07416977014234195,True
wavelet-HLH_glszm_GrayLevelVariance,glszm,630,0.07408093858151059,0.06312953324793924,0.07408093858151059,False
logarithm_gldm_DependenceEntropy,gldm,630,0.07407906692787881,0.0631362156424613,0.07407906692787881,False
wavelet-HHH_glcm_DifferenceEntropy,glcm,630,-0.07391229779017543,0.06373397954777142,0.07391229779017543,False
square_firstorder_RobustMeanAbsoluteDeviation,firstorder,630,0.07338420351930117,0.06565770652182923,0.07338420351930117,True
wavelet-LHH_glcm_Autocorrelation,glcm,630,0.07322112969774258,0.06626130765964747,0.07322112969774258,False
wavelet-LHH_glcm_Correlation,glcm,630,0.07303247660988299,0.06696526986336185,0.07303247660988299,False
wavelet-LHH_glcm_JointAverage,glcm,630,0.07275669564590817,0.06800539315755509,0.07275669564590817,False
wavelet-LHH_glcm_SumAverage,glcm,630,0.07275669564590817,0.06800539315755509,0.07275669564590817,False
log-sigma-4-0-mm-3D_glcm_ClusterShade,glcm,630,0.07268595673685069,0.0682743142217912,0.07268595673685069,True
wavelet-HLH_glcm_ClusterProminence,glcm,630,0.07266716821385474,0.06834588708918189,0.07266716821385474,True
log-sigma-5-0-mm-3D_firstorder_RootMeanSquared,firstorder,630,0.0722587637931768,0.06991692622354044,0.0722587637931768,False
wavelet-LHH_firstorder_Minimum,firstorder,630,-0.07200683441522747,0.07090070253151184,0.07200683441522747,False
wavelet-LHH_glrlm_RunEntropy,glrlm,630,-0.07175850437118542,0.0718814765797643,0.07175850437118542,False
lbp-3D-k_glcm_ClusterShade,glcm,630,0.07149121783523175,0.07294947904649428,0.07149121783523175,True
log-sigma-5-0-mm-3D_firstorder_Median,firstorder,630,0.07091945164628263,0.07527760796000041,0.07091945164628263,False
log-sigma-3-0-mm-3D_glrlm_ShortRunLowGrayLevelEmphasis,glrlm,630,-0.07080931202872026,0.0757329546899547,0.07080931202872026,False
wavelet-HHL_glcm_JointEntropy,glcm,630,0.07061115669934549,0.07655782667561521,0.07061115669934549,False
gradient_firstorder_Kurtosis,firstorder,630,-0.07025297498445363,0.07806738538491001,0.07025297498445363,True
wavelet-LLH_glcm_Contrast,glcm,630,-0.06844119027333216,0.08607756214070303,0.06844119027333216,True
gradient_gldm_SmallDependenceLowGrayLevelEmphasis,gldm,630,-0.06825524868368274,0.08693582987062555,0.06825524868368274,True
log-sigma-5-0-mm-3D_glrlm_LongRunLowGrayLevelEmphasis,glrlm,630,0.06791863897667508,0.08850707124094155,0.06791863897667508,False
wavelet-LHH_glrlm_LongRunHighGrayLevelEmphasis,glrlm,630,0.06745518874277534,0.09070765930291859,0.06745518874277534,True
lbp-3D-k_firstorder_Kurtosis,firstorder,630,-0.06739839125371867,0.0909803433702725,0.06739839125371867,True
square_glcm_Idmn,glcm,630,0.06718718234004022,0.09200012907607574,0.06718718234004022,False
log-sigma-4-0-mm-3D_glrlm_LongRunHighGrayLevelEmphasis,glrlm,630,-0.06644720727982482,0.09564542924188188,0.06644720727982482,False
wavelet-HHH_glcm_ClusterShade,glcm,630,-0.06640144774808375,0.0958745866950332,0.06640144774808375,False
wavelet-LHH_firstorder_Mean,firstorder,630,-0.06623453463702408,0.09671418321024387,0.06623453463702408,False
lbp-3D-m1_gldm_GrayLevelVariance,gldm,630,0.06575908662343345,0.09913794138271545,0.06575908662343345,False
wavelet-HHH_glszm_SizeZoneNonUniformityNormalized,glszm,630,-0.06572155756856034,0.09933129956667214,0.06572155756856034,True
lbp-3D-m2_glcm_Correlation,glcm,630,-0.0656083225238377,0.09991653195773968,0.0656083225238377,False
gradient_firstorder_Skewness,firstorder,630,0.06517753024625658,0.10216810269164052,0.06517753024625658,False
wavelet-HLH_glcm_Contrast,glcm,630,-0.06491048366589673,0.10358394719812537,0.06491048366589673,False
wavelet-HHH_glszm_SmallAreaEmphasis,glszm,630,-0.06454699893238149,0.10553604149069583,0.06454699893238149,False
log-sigma-5-0-mm-3D_glcm_DifferenceAverage,glcm,630,-0.06437948593233726,0.10644541714993888,0.06437948593233726,False
logarithm_glcm_SumEntropy,glcm,630,-0.06437000768638146,0.10649705624204216,0.06437000768638146,True
lbp-3D-m1_gldm_LargeDependenceHighGrayLevelEmphasis,gldm,630,0.06432631177274724,0.10673537522283819,0.06432631177274724,True
wavelet-LLH_firstorder_Maximum,firstorder,630,0.06424897408485976,0.10715821093361576,0.06424897408485976,True
wavelet-LLL_glcm_Correlation,glcm,630,-0.06371728048007821,0.1101011306670979,0.06371728048007821,True
lbp-3D-k_glszm_HighGrayLevelZoneEmphasis,glszm,630,-0.06281421677167716,0.11524516187385611,0.06281421677167716,True
wavelet-HHH_glcm_DifferenceVariance,glcm,630,-0.06270773930576788,0.11586390585501165,0.06270773930576788,False
lbp-3D-k_glszm_SizeZoneNonUniformityNormalized,glszm,630,0.062055082986634834,0.11971360546435,0.062055082986634834,False
squareroot_glrlm_ShortRunLowGrayLevelEmphasis,glrlm,630,-0.06197150755281604,0.12021371243620921,0.06197150755281604,False
log-sigma-4-0-mm-3D_glcm_Correlation,glcm,630,-0.061739110560203474,0.12161293219829118,0.061739110560203474,False
wavelet-HHH_firstorder_Median,firstorder,630,0.061695294668772334,0.12187815753870049,0.061695294668772334,False
squareroot_gldm_LowGrayLevelEmphasis,gldm,630,-0.0611038041300114,0.12550286486444154,0.0611038041300114,False
lbp-3D-m1_glrlm_ShortRunEmphasis,glrlm,630,-0.060403805671726055,0.1299001713535059,0.060403805671726055,False
wavelet-HLH_glcm_SumSquares,glcm,630,-0.06011497112344754,0.1317489956725775,0.06011497112344754,False
wavelet-HLL_glcm_SumSquares,glcm,630,0.059419699790360395,0.13628280908205104,0.059419699790360395,False
log-sigma-5-0-mm-3D_glcm_SumEntropy,glcm,630,-0.05934996869479694,0.13674406978868398,0.05934996869479694,False
lbp-3D-m2_firstorder_Skewness,firstorder,630,-0.059023653082764076,0.13891858368785384,0.059023653082764076,True
log-sigma-5-0-mm-3D_glcm_Idn,glcm,630,-0.05875139946601837,0.14075308470021794,0.05875139946601837,True
squareroot_glrlm_LowGrayLevelRunEmphasis,glrlm,630,-0.058107766576720836,0.14516386186643176,0.058107766576720836,False
wavelet-HHH_glcm_Correlation,glcm,630,0.058013895948419304,0.14581588114989824,0.058013895948419304,False
logarithm_glszm_LowGrayLevelZoneEmphasis,glszm,630,0.05768981192340894,0.14808414401902484,0.05768981192340894,False
square_glszm_SmallAreaEmphasis,glszm,630,0.0566269286205929,0.15571215356732132,0.0566269286205929,False
logarithm_glrlm_LongRunLowGrayLevelEmphasis,glrlm,630,0.056617090441246375,0.15578412325125768,0.056617090441246375,False
original_glcm_SumEntropy,glcm,630,-0.05627448184439329,0.15830616133580447,0.05627448184439329,False
lbp-3D-m1_glrlm_LongRunEmphasis,glrlm,630,0.05600846707308685,0.1602855483816883,0.05600846707308685,False
wavelet-HLH_gldm_GrayLevelVariance,gldm,630,-0.05590622199456107,0.16105128839311916,0.05590622199456107,False
lbp-3D-m2_glrlm_LongRunHighGrayLevelEmphasis,glrlm,630,-0.05581443897992576,0.16174102050348727,0.05581443897992576,True
wavelet-HLL_glcm_JointEnergy,glcm,630,-0.055777989725224825,0.16201554613285415,0.055777989725224825,True
wavelet-HHL_firstorder_Median,firstorder,630,-0.055667682138746774,0.16284848968944088,0.055667682138746774,False
wavelet-HLH_glszm_GrayLevelNonUniformityNormalized,glszm,630,-0.05566350824709091,0.16288007030850313,0.05566350824709091,False
gradient_glszm_HighGrayLevelZoneEmphasis,glszm,630,-0.055592480055644274,0.16341819249195302,0.055592480055644274,False
wavelet-LHH_glszm_HighGrayLevelZoneEmphasis,glszm,630,0.05555454307626167,0.16370615700177968,0.05555454307626167,False
lbp-3D-k_glszm_ZoneEntropy,glszm,630,-0.05535649488485461,0.16521565944527697,0.05535649488485461,True
wavelet-HLH_firstorder_Variance,firstorder,630,-0.055170062228287374,0.16664615686300685,0.055170062228287374,True
wavelet-LLH_glcm_SumSquares,glcm,630,-0.05438377573846513,0.17278164154509593,0.05438377573846513,False
wavelet-HLH_glcm_ClusterTendency,glcm,630,-0.05430720590847786,0.173388012398126,0.05430720590847786,False
log-sigma-3-0-mm-3D_gldm_LowGrayLevelEmphasis,gldm,630,-0.053876245661981056,0.17683049021253777,0.053876245661981056,False
wavelet-LHL_glszm_GrayLevelVariance,glszm,630,-0.05352970179338936,0.1796353068578544,0.05352970179338936,False
wavelet-LHH_glrlm_HighGrayLevelRunEmphasis,glrlm,630,0.05323510831085922,0.18204548342459217,0.05323510831085922,False
wavelet-LHH_gldm_HighGrayLevelEmphasis,gldm,630,0.05299491276144758,0.18402825366297315,0.05299491276144758,False
wavelet-HLL_glrlm_RunEntropy,glrlm,630,-0.05293777933455955,0.18450221949844203,0.05293777933455955,False
original_glszm_LowGrayLevelZoneEmphasis,glszm,630,-0.05275949232835291,0.18598704213407755,0.05275949232835291,False
gradient_glszm_SmallAreaHighGrayLevelEmphasis,glszm,630,-0.05275572502552997,0.1860185120470628,0.05275572502552997,True
log-sigma-3-0-mm-3D_glcm_JointEntropy,glcm,630,-0.05271337286322112,0.18637256825469653,0.05271337286322112,True
log-sigma-3-0-mm-3D_glrlm_LowGrayLevelRunEmphasis,glrlm,630,-0.05261383928290549,0.18720660572629008,0.05261383928290549,False
log-sigma-3-0-mm-3D_firstorder_10Percentile,firstorder,630,0.052426865884202645,0.18878076944170682,0.052426865884202645,False
log-sigma-5-0-mm-3D_glcm_ClusterShade,glcm,630,0.05238772912685096,0.18911149794305315,0.05238772912685096,True
log-sigma-4-0-mm-3D_firstorder_Median,firstorder,630,-0.05210294982810797,0.19153088948876223,0.05210294982810797,False
lbp-3D-k_glrlm_ShortRunEmphasis,glrlm,630,-0.05189426044816461,0.1933182148125511,0.05189426044816461,False
log-sigma-4-0-mm-3D_glrlm_LongRunLowGrayLevelEmphasis,glrlm,630,0.05168554707266186,0.19511793890208776,0.05168554707266186,False
wavelet-HLH_glcm_MCC,glcm,630,-0.051466755562218774,0.19701769398508592,0.051466755562218774,True
lbp-3D-m1_firstorder_InterquartileRange,firstorder,630,0.05095268532996905,0.2015344282348668,0.05095268532996905,False
lbp-3D-m2_glrlm_LongRunEmphasis,glrlm,630,0.050607810518588495,0.2046065056936019,0.050607810518588495,True
log-sigma-4-0-mm-3D_glrlm_RunEntropy,glrlm,630,-0.050113406013086254,0.20906962106491833,0.050113406013086254,False
square_glszm_GrayLevelVariance,glszm,630,0.05007066992182731,0.20945868902093187,0.05007066992182731,False
wavelet-LHH_glrlm_ShortRunHighGrayLevelEmphasis,glrlm,630,0.04971172034903522,0.21274721616623435,0.04971172034903522,False
lbp-3D-m1_glcm_ClusterProminence,glcm,630,0.04915699100724718,0.2179022739464927,0.04915699100724718,False
log-sigma-4-0-mm-3D_firstorder_Minimum,firstorder,630,0.0488744192999673,0.22056236179121247,0.0488744192999673,True
gradient_firstorder_RobustMeanAbsoluteDeviation,firstorder,630,0.048402882562555906,0.22505292469793423,0.048402882562555906,False
lbp-3D-m2_gldm_SmallDependenceLowGrayLevelEmphasis,gldm,630,0.048217156932940916,0.2268394006336781,0.048217156932940916,False
wavelet-HHL_glcm_ClusterShade,glcm,630,0.047991478696955255,0.2290237258445616,0.047991478696955255,False
log-sigma-5-0-mm-3D_firstorder_Skewness,firstorder,630,0.047782909294808794,0.23105569850035043,0.047782909294808794,True
logarithm_glszm_ZoneEntropy,glszm,630,0.04752802846305551,0.2335561644858889,0.04752802846305551,False
wavelet-HHL_gldm_SmallDependenceHighGrayLevelEmphasis,gldm,630,-0.047409370421912594,0.2347267448277211,0.047409370421912594,False
wavelet-HHH_gldm_SmallDependenceHighGrayLevelEmphasis,gldm,630,0.04732732960438628,0.23553851030260944,0.04732732960438628,False
log-sigma-5-0-mm-3D_glcm_Contrast,glcm,630,-0.046799739240259035,0.2408061996160071,0.046799739240259035,True
wavelet-HLH_glrlm_GrayLevelVariance,glrlm,630,-0.04650720937583573,0.24376236027768075,0.04650720937583573,False
wavelet-HLH_gldm_LargeDependenceLowGrayLevelEmphasis,gldm,630,-0.04643863006712259,0.24445905290089495,0.04643863006712259,True
gradient_glszm_SmallAreaLowGrayLevelEmphasis,glszm,630,0.046155458470858175,0.2473505367301907,0.046155458470858175,True
gradient_glcm_Idmn,glcm,630,-0.046087695011164026,0.2480460019988939,0.046087695011164026,False
wavelet-LHL_glcm_DifferenceVariance,glcm,630,-0.04563461085891722,0.2527311423015794,0.04563461085891722,False
log-sigma-4-0-mm-3D_glrlm_ShortRunLowGrayLevelEmphasis,glrlm,630,-0.0454682736412827,0.25446650026008377,0.0454682736412827,False
logarithm_glcm_Correlation,glcm,630,-0.04535892587717991,0.255611795573194,0.04535892587717991,True
log-sigma-5-0-mm-3D_glcm_JointEntropy,glcm,630,0.045179151146291605,0.2575024926213086,0.045179151146291605,True
original_gldm_LargeDependenceLowGrayLevelEmphasis,gldm,630,0.04442389091475001,0.2655512201525871,0.04442389091475001,True
wavelet-HLH_glrlm_RunEntropy,glrlm,630,0.04389682845292916,0.27126943732287917,0.04389682845292916,True
wavelet-HLH_glcm_DifferenceEntropy,glcm,630,-0.04377075578393727,0.27264960749263517,0.04377075578393727,False
lbp-3D-m1_gldm_DependenceVariance,gldm,630,-0.04372818766159399,0.27311669898985685,0.04372818766159399,False
wavelet-HHH_glcm_SumEntropy,glcm,630,-0.04367189407928433,0.2737352351380987,0.04367189407928433,False
lbp-3D-m1_glcm_ClusterTendency,glcm,630,0.041991749006931325,0.292636435337316,0.041991749006931325,False
wavelet-LLL_glszm_LargeAreaHighGrayLevelEmphasis,glszm,630,-0.04135250730500064,0.30005207449160987,0.04135250730500064,False
wavelet-HLL_firstorder_Maximum,firstorder,630,-0.04132611218968068,0.3003609394875267,0.04132611218968068,False
squareroot_glrlm_LongRunLowGrayLevelEmphasis,glrlm,630,-0.04131682590819993,0.3004696540644256,0.04131682590819993,True
lbp-3D-m1_firstorder_RobustMeanAbsoluteDeviation,firstorder,630,0.04115744740278614,0.30233957714877263,0.04115744740278614,False
logarithm_firstorder_Median,firstorder,630,0.039181964985562145,0.3261572474570895,0.039181964985562145,False
wavelet-LLL_firstorder_Entropy,firstorder,630,-0.03915612176810796,0.3264766815940493,0.03915612176810796,False
wavelet-HLH_gldm_SmallDependenceHighGrayLevelEmphasis,gldm,630,0.03871409956873616,0.331971662296801,0.03871409956873616,False
square_firstorder_MeanAbsoluteDeviation,firstorder,630,0.03850708987794952,0.33456547587609936,0.03850708987794952,False
log-sigma-4-0-mm-3D_glcm_JointEntropy,glcm,630,-0.037533901976102575,0.34693348361928217,0.037533901976102575,False
gradient_glcm_DifferenceVariance,glcm,630,0.03661372026492999,0.3588913478921349,0.03661372026492999,False
squareroot_glcm_SumEntropy,glcm,630,-0.03635008105400235,0.3623644505543619,0.03635008105400235,False
square_glcm_DifferenceVariance,glcm,630,-0.036012535520178815,0.3668417163857872,0.036012535520178815,True
square_firstorder_Range,firstorder,630,0.0359086347480557,0.3682267708575402,0.0359086347480557,True
lbp-3D-k_glcm_Correlation,glcm,630,0.035340275928538806,0.37586064459655305,0.035340275928538806,True
exponential_glszm_SizeZoneNonUniformity,glszm,630,0.035222545204490315,0.3774540398401637,0.035222545204490315,False
square_gldm_SmallDependenceHighGrayLevelEmphasis,gldm,630,0.034559652390730666,0.38650310187665377,0.034559652390730666,False
squareroot_glszm_SmallAreaLowGrayLevelEmphasis,glszm,630,-0.03450976562277594,0.38718940225443116,0.03450976562277594,True
wavelet-LHL_glcm_Correlation,glcm,630,-0.034082932612492796,0.3930916737976709,0.034082932612492796,True
wavelet-LLL_firstorder_Uniformity,firstorder,630,0.03380465611034227,0.3969688201336081,0.03380465611034227,True
gradient_glcm_ClusterProminence,glcm,630,-0.03369466046613618,0.3985076826168192,0.03369466046613618,True
wavelet-HLL_glszm_GrayLevelNonUniformityNormalized,glszm,630,0.03361895528299202,0.3995688935129039,0.03361895528299202,False
log-sigma-5-0-mm-3D_glrlm_RunEntropy,glrlm,630,0.0336047970962514,0.39976754648467505,0.0336047970962514,False
log-sigma-4-0-mm-3D_glszm_LowGrayLevelZoneEmphasis,glszm,630,0.03350708717844879,0.40114012540125515,0.03350708717844879,True
wavelet-HHL_firstorder_Skewness,firstorder,630,0.03332882416780153,0.4036515345997323,0.03332882416780153,False
wavelet-HLL_glcm_MaximumProbability,glcm,630,-0.03327968126218763,0.40434551881171976,0.03327968126218763,True
logarithm_glrlm_LowGrayLevelRunEmphasis,glrlm,630,0.033051795434738844,0.40757296371340473,0.033051795434738844,False
square_firstorder_Maximum,firstorder,630,0.03270050044538955,0.41257809872954265,0.03270050044538955,False
wavelet-HHL_gldm_LargeDependenceLowGrayLevelEmphasis,gldm,630,0.03258294619997821,0.41426105417410475,0.03258294619997821,False
wavelet-LLL_gldm_LargeDependenceHighGrayLevelEmphasis,gldm,630,-0.032436333332155516,0.4163656920049375,0.032436333332155516,True
log-sigma-5-0-mm-3D_glszm_LowGrayLevelZoneEmphasis,glszm,630,0.032232635028563564,0.419300219309195,0.032232635028563564,True
wavelet-LLL_glrlm_GrayLevelNonUniformityNormalized,glrlm,630,0.03198502485130295,0.4228836412289751,0.03198502485130295,False
wavelet-HHH_glszm_GrayLevelVariance,glszm,630,0.03180961731222213,0.42543293553766426,0.03180961731222213,False
logarithm_gldm_LowGrayLevelEmphasis,gldm,630,0.03178151851218606,0.425842141069251,0.03178151851218606,True
wavelet-HHH_gldm_LargeDependenceLowGrayLevelEmphasis,gldm,630,-0.031586338632174644,0.4286908817797866,0.031586338632174644,False
wavelet-HHL_glszm_GrayLevelVariance,glszm,630,-0.03157681239510007,0.42883020404714844,0.03157681239510007,False
gradient_glcm_DifferenceEntropy,glcm,630,-0.03147521519667761,0.43031770737695213,0.03147521519667761,True
square_gldm_GrayLevelVariance,gldm,630,0.03143055946066812,0.43097246438836256,0.03143055946066812,False
wavelet-HHH_glcm_ClusterProminence,glcm,630,-0.0313794729147443,0.43172221854901266,0.0313794729147443,True
wavelet-LHH_glszm_SmallAreaHighGrayLevelEmphasis,glszm,630,0.03080549913433207,0.44019762704796245,0.03080549913433207,False
gradient_glcm_SumSquares,glcm,630,-0.030593450376075255,0.4433527035671783,0.030593450376075255,False
gradient_firstorder_InterquartileRange,firstorder,630,0.030312462375714586,0.4475533189835703,0.030312462375714586,True
log-sigma-4-0-mm-3D_gldm_LowGrayLevelEmphasis,gldm,630,-0.03030975087750444,0.44759396402738433,0.03030975087750444,True
gradient_glcm_ClusterTendency,glcm,630,-0.029861273872658932,0.4543453241479628,0.029861273872658932,False
gradient_firstorder_Variance,firstorder,630,-0.029558209957667024,0.4589398735371481,0.029558209957667024,True
wavelet-LLH_firstorder_10Percentile,firstorder,630,0.029519865053774935,0.45952304042674635,0.029519865053774935,True
lbp-3D-m1_gldm_DependenceNonUniformityNormalized,gldm,630,-0.029248955188354617,0.463654935132746,0.029248955188354617,False
square_glszm_SizeZoneNonUniformityNormalized,glszm,630,0.029048270070038244,0.4667290318475203,0.029048270070038244,False
log-sigma-5-0-mm-3D_glrlm_LongRunHighGrayLevelEmphasis,glrlm,630,-0.02904523288920328,0.466775641911896,0.02904523288920328,True
square_glcm_ClusterTendency,glcm,630,0.028686307311970586,0.4723019958065404,0.028686307311970586,False
wavelet-LLH_glcm_ClusterTendency,glcm,630,-0.027901676515745686,0.48450714729175653,0.027901676515745686,False
original_firstorder_Skewness,firstorder,630,0.027895245705831368,0.4846078800267678,0.027895245705831368,True
gradient_gldm_GrayLevelVariance,gldm,630,-0.027781938674430594,0.4863845865350105,0.027781938674430594,False
wavelet-LLH_glcm_ClusterProminence,glcm,630,0.027746545224342466,0.48694029139696043,0.027746545224342466,True
wavelet-LHL_glcm_ClusterProminence,glcm,630,0.02749363202845848,0.4909211662393038,0.02749363202845848,False
wavelet-LLH_firstorder_Variance,firstorder,630,-0.027339844488380637,0.493350297132369,0.027339844488380637,False
log-sigma-4-0-mm-3D_glrlm_LowGrayLevelRunEmphasis,glrlm,630,-0.027247413593642012,0.49481336093128014,0.027247413593642012,False
wavelet-LLH_gldm_GrayLevelVariance,gldm,630,-0.027105311890983096,0.49706715504805105,0.027105311890983096,False
lbp-3D-m2_glszm_SizeZoneNonUniformityNormalized,glszm,630,0.027012044486979456,0.4985493767694563,0.027012044486979456,False
log-sigma-3-0-mm-3D_firstorder_Minimum,firstorder,630,0.026704178124797844,0.5034586368250275,0.026704178124797844,False
logarithm_glrlm_ShortRunLowGrayLevelEmphasis,glrlm,630,0.026505662862032354,0.5066376286466029,0.026505662862032354,False
wavelet-HLH_glcm_SumEntropy,glcm,630,0.02598908645966135,0.5149590814813305,0.02598908645966135,False
log-sigma-4-0-mm-3D_firstorder_RootMeanSquared,firstorder,630,-0.0258462408946616,0.5172725975440053,0.0258462408946616,False
wavelet-HLL_glcm_ClusterTendency,glcm,630,-0.025845760983473964,0.517280379187958,0.025845760983473964,True
squareroot_firstorder_Minimum,firstorder,630,0.025754529866704425,0.5187607672013341,0.025754529866704425,False
lbp-3D-m1_glszm_SmallAreaLowGrayLevelEmphasis,glszm,630,0.02568741428711358,0.5198512298545142,0.02568741428711358,True
square_firstorder_Variance,firstorder,630,0.0249886396023567,0.5312742503143786,0.0249886396023567,True
gradient_glcm_Idn,glcm,630,0.024790532264100707,0.5345357033424472,0.024790532264100707,True
lbp-3D-m1_firstorder_Skewness,firstorder,630,-0.02471276265614435,0.5358187784505437,0.02471276265614435,True
gradient_firstorder_MeanAbsoluteDeviation,firstorder,630,0.02456118270752963,0.5383240462513208,0.02456118270752963,False
square_glszm_SmallAreaLowGrayLevelEmphasis,glszm,630,-0.024543210033552677,0.5386214815143245,0.024543210033552677,True
wavelet-LLH_glrlm_GrayLevelVariance,glrlm,630,-0.0243051740844854,0.5425685496001164,0.0243051740844854,False
logarithm_glcm_MaximumProbability,glcm,630,-0.024070881442681675,0.5464675406246742,0.024070881442681675,True
wavelet-HHH_glszm_GrayLevelNonUniformityNormalized,glszm,630,-0.02380894677343335,0.5508428687069569,0.02380894677343335,True
gradient_glcm_Contrast,glcm,630,-0.023543531034148243,0.5552938107713444,0.023543531034148243,False
logarithm_glszm_SmallAreaLowGrayLevelEmphasis,glszm,630,0.022744310937819222,0.5688013780138385,0.022744310937819222,True
square_glrlm_GrayLevelVariance,glrlm,630,0.022566335873884544,0.5718305080977256,0.022566335873884544,False
square_glszm_LargeAreaLowGrayLevelEmphasis,glszm,630,-0.022552346462764966,0.572068931385154,0.022552346462764966,False
gradient_glrlm_GrayLevelVariance,glrlm,630,-0.021749623014766205,0.5858281324273608,0.021749623014766205,False
wavelet-LLL_glszm_GrayLevelNonUniformityNormalized,glszm,630,0.021533111082464383,0.5895653547988468,0.021533111082464383,False
log-sigma-4-0-mm-3D_firstorder_Mean,firstorder,630,-0.021485071972582055,0.5903960441679933,0.021485071972582055,False
log-sigma-3-0-mm-3D_glszm_SmallAreaLowGrayLevelEmphasis,glszm,630,-0.02128907624355166,0.5937907475556299,0.02128907624355166,True
squareroot_glcm_Correlation,glcm,630,-0.02101279137282982,0.5985911548355036,0.02101279137282982,False
lbp-3D-m1_glcm_InverseVariance,glcm,630,0.020223721398119288,0.6123968324620926,0.020223721398119288,True
log-sigma-5-0-mm-3D_glrlm_ShortRunLowGrayLevelEmphasis,glrlm,630,-0.019717799024113792,0.621321726963931,0.019717799024113792,False
exponential_glszm_ZoneVariance,glszm,630,-0.01909241926148957,0.6324311282159976,0.01909241926148957,True
log-sigma-3-0-mm-3D_glrlm_LongRunLowGrayLevelEmphasis,glrlm,630,0.019085899963353935,0.6325473814222256,0.019085899963353935,False
square_gldm_DependenceNonUniformityNormalized,gldm,630,-0.018135051927291434,0.6495988248482384,0.018135051927291434,True
log-sigma-5-0-mm-3D_glszm_SmallAreaLowGrayLevelEmphasis,glszm,630,-0.017885018198533265,0.6541137035003551,0.017885018198533265,True
lbp-3D-k_glcm_Imc1,glcm,630,0.016163240830652858,0.6855400713980427,0.016163240830652858,False
square_glcm_Contrast,glcm,630,-0.016030905320662328,0.6879789825170697,0.016030905320662328,False
wavelet-HHL_firstorder_Mean,firstorder,630,0.015847987171495003,0.6913554521068471,0.015847987171495003,False
log-sigma-5-0-mm-3D_firstorder_90Percentile,firstorder,630,0.01410415788454274,0.7238439941414326,0.01410415788454274,True
wavelet-LLH_firstorder_Median,firstorder,630,0.013940388191762076,0.7269218600496147,0.013940388191762076,True
wavelet-LLL_glcm_DifferenceEntropy,glcm,630,-0.013361879250626688,0.7378292177876321,0.013361879250626688,True
square_glcm_SumSquares,glcm,630,0.013259634172100914,0.7397625338667332,0.013259634172100914,False
square_glcm_DifferenceEntropy,glcm,630,0.013228415949345216,0.7403531559003942,0.013228415949345216,False
square_glrlm_RunPercentage,glrlm,630,-0.013200605412777535,0.7408794360750687,0.013200605412777535,False
square_gldm_DependenceVariance,gldm,630,-0.013181288670719396,0.7412450528562422,0.013181288670719396,False
squareroot_glszm_LowGrayLevelZoneEmphasis,glszm,630,-0.013165811534918146,0.7415380377261842,0.013165811534918146,False
log-sigma-3-0-mm-3D_glcm_ClusterShade,glcm,630,-0.01298075778096584,0.7450440218765829,0.01298075778096584,True
squareroot_firstorder_10Percentile,firstorder,630,-0.012137145899780523,0.7610927343565597,0.012137145899780523,False
original_glcm_Correlation,glcm,630,-0.012011745106451328,0.7634873042946299,0.012011745106451328,False
wavelet-HHH_firstorder_Mean,firstorder,630,0.011908852147822245,0.7654537680131025,0.011908852147822245,False
exponential_glszm_GrayLevelNonUniformity,glszm,630,-0.011754536859312947,0.7684058273601609,0.011754536859312947,True
lbp-3D-m2_firstorder_Kurtosis,firstorder,630,0.010286200435747983,0.7966572281282419,0.010286200435747983,True
lbp-3D-m1_glszm_LowGrayLevelZoneEmphasis,glszm,630,-0.0101314296855086,0.799651338769088,0.0101314296855086,True
square_glrlm_RunLengthNonUniformityNormalized,glrlm,630,-0.010067696872017473,0.8008851362814688,0.010067696872017473,False
wavelet-LLH_glrlm_GrayLevelNonUniformityNormalized,glrlm,630,-0.009339407649221003,0.8150184892297858,0.009339407649221003,False
wavelet-LHH_gldm_SmallDependenceHighGrayLevelEmphasis,gldm,630,-0.008705324992557405,0.8273729169809743,0.008705324992557405,False
gradient_glcm_Correlation,glcm,630,0.008600056473549526,0.8294281815929243,0.008600056473549526,True
wavelet-HHL_firstorder_RootMeanSquared,firstorder,630,-0.008369675107925035,0.8339301984361907,0.008369675107925035,False
wavelet-LLH_glszm_GrayLevelVariance,glszm,630,0.007863272822731901,0.8438450134509143,0.007863272822731901,False
wavelet-HLH_glcm_DifferenceVariance,glcm,630,0.007337530116677053,0.8541646551594386,0.007337530116677053,False
original_gldm_LargeDependenceHighGrayLevelEmphasis,gldm,630,-0.00712788091435842,0.8582868503261987,0.00712788091435842,False
lbp-3D-m1_glcm_ClusterShade,glcm,630,0.006850900172414508,0.863738839262043,0.006850900172414508,True
square_glrlm_RunVariance,glrlm,630,-0.006843845477956264,0.8638777870300848,0.006843845477956264,False
log-sigma-5-0-mm-3D_gldm_LowGrayLevelEmphasis,gldm,630,-0.006618599162039475,0.8683163757425068,0.006618599162039475,True
square_glcm_ClusterProminence,glcm,630,0.005758550322677634,0.8853009928874191,0.005758550322677634,True
wavelet-LLL_glrlm_RunEntropy,glrlm,630,-0.005667583157061297,0.8871006705279114,0.005667583157061297,False
log-sigma-5-0-mm-3D_glrlm_LowGrayLevelRunEmphasis,glrlm,630,-0.005520082453541482,0.890020027935469,0.005520082453541482,False
square_glcm_Idn,glcm,630,0.005232543665469585,0.8957152847808779,0.005232543665469585,True
log-sigma-5-0-mm-3D_glcm_JointEnergy,glcm,630,0.00511196597957613,0.8981051708004814,0.00511196597957613,False
wavelet-HHH_glcm_JointEnergy,glcm,630,-0.005045234328935393,0.8994282100539487,0.005045234328935393,True
lbp-3D-k_glcm_Imc2,glcm,630,0.00504290675967536,0.8994743621084754,0.00504290675967536,False
square_glcm_DifferenceAverage,glcm,630,0.004541327581917966,0.909427545467373,0.004541327581917966,True
square_glrlm_ShortRunEmphasis,glrlm,630,-0.004110031397589811,0.9179974695040409,0.004110031397589811,False
log-sigma-5-0-mm-3D_firstorder_Maximum,firstorder,630,-0.0040051947986508045,0.9200820646707627,0.0040051947986508045,True
square_firstorder_Minimum,firstorder,630,0.0037709741435252276,0.9247413210829123,0.0037709741435252276,True
square_glrlm_LongRunEmphasis,glrlm,630,-0.003412576468598928,0.9318757145615685,0.003412576468598928,False
log-sigma-5-0-mm-3D_glcm_MaximumProbability,glcm,630,0.0033661210656357973,0.9328008847387695,0.0033661210656357973,True
log-sigma-4-0-mm-3D_glszm_SmallAreaLowGrayLevelEmphasis,glszm,630,-0.002978304834907432,0.9405277507233023,0.002978304834907432,True
square_gldm_LargeDependenceEmphasis,gldm,630,0.002806448638615108,0.9439536504647031,0.002806448638615108,False
lbp-3D-k_glcm_MCC,glcm,630,0.002585449536708893,0.9483607104433774,0.002585449536708893,False
wavelet-HHH_glcm_MaximumProbability,glcm,630,-0.0025156704500266702,0.9497525459718764,0.0025156704500266702,False
wavelet-LLL_firstorder_Kurtosis,firstorder,630,0.0019236280133999566,0.9615673397749718,0.0019236280133999566,True
wavelet-LLH_glcm_ClusterShade,glcm,630,-0.001844898583068329,0.9631391546930507,0.001844898583068329,True
wavelet-LLL_firstorder_Skewness,firstorder,630,-0.0015421946014671458,0.9691838472869734,0.0015421946014671458,True
wavelet-HHH_firstorder_RootMeanSquared,firstorder,630,0.000876005886350725,0.9824926969386262,0.000876005886350725,False
lbp-3D-m1_firstorder_Kurtosis,firstorder,630,0.0004995155596505613,0.9900164565929626,0.0004995155596505613,True
wavelet-LHH_glcm_SumEntropy,glcm,630,0.0004171148087335211,0.9916632894930933,0.0004171148087335211,False
wavelet-HHH_glrlm_RunEntropy,glrlm,630,-0.00034325647695639523,0.9931394268791661,0.00034325647695639523,False
wavelet-LLH_firstorder_Uniformity,firstorder,630,0.0001102355997999077,0.9977967269902474,0.0001102355997999077,False
log-sigma-3-0-mm-3D_glszm_LowGrayLevelZoneEmphasis,glszm,630,1.749276278931927e-05,0.9996503726579823,1.749276278931927e-05,True
