feature,ICC,n,k_conditions,feature_class,pass_0.75,pass_0.90
original_shape_Elongation,0.8136492344719043,629,3,shape,True,False
original_shape_Flatness,0.4588223557950204,629,3,shape,False,False
original_shape_LeastAxisLength,0.3054974104532341,629,3,shape,False,False
original_shape_MajorAxisLength,0.7511712910902691,629,3,shape,True,False
original_shape_Maximum2DDiameterColumn,0.7175467161338394,629,3,shape,False,False
original_shape_Maximum2DDiameterRow,0.6990422121169203,629,3,shape,False,False
original_shape_Maximum2DDiameterSlice,0.7292615486577206,629,3,shape,False,False
original_shape_Maximum3DDiameter,0.7517335438533708,629,3,shape,True,False
original_shape_MeshVolume,0.3306577895312983,629,3,shape,False,False
original_shape_MinorAxisLength,0.737986322854803,629,3,shape,False,False
original_shape_Sphericity,0.5091278991222791,629,3,shape,False,False
original_shape_SurfaceArea,0.5255159539490144,629,3,shape,False,False
original_shape_SurfaceVolumeRatio,0.2946601852308742,629,3,shape,False,False
original_shape_VoxelVolume,0.3340078597606462,629,3,shape,False,False
original_firstorder_10Percentile,0.9227952993107454,629,3,firstorder,True,True
original_firstorder_90Percentile,0.8583402527793559,629,3,firstorder,True,False
original_firstorder_Energy,0.619715583827284,629,3,firstorder,False,False
original_firstorder_Entropy,0.7634609210945883,629,3,firstorder,True,False
original_firstorder_InterquartileRange,0.8572083839543132,629,3,firstorder,True,False
original_firstorder_Kurtosis,0.47589695602293275,629,3,firstorder,False,False
original_firstorder_Maximum,0.48975984408448603,629,3,firstorder,False,False
original_firstorder_MeanAbsoluteDeviation,0.8244051435603355,629,3,firstorder,True,False
original_firstorder_Mean,0.8828415345350497,629,3,firstorder,True,False
original_firstorder_Median,0.8149550180494127,629,3,firstorder,True,False
original_firstorder_Minimum,0.9259245762901718,629,3,firstorder,True,True
original_firstorder_Range,0.44931036259628376,629,3,firstorder,False,False
original_firstorder_RobustMeanAbsoluteDeviation,0.8611903368446826,629,3,firstorder,True,False
original_firstorder_RootMeanSquared,0.8911185559103659,629,3,firstorder,True,False
original_firstorder_Skewness,0.4736980897578214,629,3,firstorder,False,False
original_firstorder_TotalEnergy,0.619715583827284,629,3,firstorder,False,False
original_firstorder_Uniformity,0.7598408981092938,629,3,firstorder,True,False
original_firstorder_Variance,0.8486478952717172,629,3,firstorder,True,False
original_glcm_Autocorrelation,0.880106222609834,629,3,glcm,True,False
original_glcm_ClusterProminence,0.958117965357788,629,3,glcm,True,True
original_glcm_ClusterShade,0.47166083498293593,629,3,glcm,False,False
original_glcm_ClusterTendency,0.9412531019586025,629,3,glcm,True,True
original_glcm_Contrast,0.6023715498010374,629,3,glcm,False,False
original_glcm_Correlation,0.7172599743302033,629,3,glcm,False,False
original_glcm_DifferenceAverage,0.6721605855387114,629,3,glcm,False,False
original_glcm_DifferenceEntropy,0.5355943909270711,629,3,glcm,False,False
original_glcm_DifferenceVariance,0.5085281337016616,629,3,glcm,False,False
original_glcm_Id,0.7763832775814924,629,3,glcm,True,False
original_glcm_Idm,0.7921450493135962,629,3,glcm,True,False
original_glcm_Idmn,0.44427112036594674,629,3,glcm,False,False
original_glcm_Idn,0.4287441467936164,629,3,glcm,False,False
original_glcm_Imc1,0.6972873072469928,629,3,glcm,False,False
original_glcm_Imc2,0.7609892298118982,629,3,glcm,True,False
original_glcm_InverseVariance,0.785949447003899,629,3,glcm,True,False
original_glcm_JointAverage,0.8937862933201987,629,3,glcm,True,False
original_glcm_JointEnergy,0.08529145757697336,629,3,glcm,False,False
original_glcm_JointEntropy,0.34877686470206903,629,3,glcm,False,False
original_glcm_MCC,0.5362342958891164,629,3,glcm,False,False
original_glcm_MaximumProbability,0.23087352058108793,629,3,glcm,False,False
original_glcm_SumAverage,0.8937862933201983,629,3,glcm,True,False
original_glcm_SumEntropy,0.6987302755854994,629,3,glcm,False,False
original_glcm_SumSquares,0.9028788347223751,629,3,glcm,True,True
original_gldm_DependenceEntropy,0.48943628977049336,629,3,gldm,False,False
original_gldm_DependenceNonUniformity,0.3197155703576339,629,3,gldm,False,False
original_gldm_DependenceNonUniformityNormalized,0.8733030145708491,629,3,gldm,True,False
original_gldm_DependenceVariance,0.8948279690103177,629,3,gldm,True,False
original_gldm_GrayLevelNonUniformity,0.7213266637253062,629,3,gldm,False,False
original_gldm_GrayLevelVariance,0.8486707217609541,629,3,gldm,True,False
original_gldm_HighGrayLevelEmphasis,0.8569415882550193,629,3,gldm,True,False
original_gldm_LargeDependenceEmphasis,0.9075870321223718,629,3,gldm,True,True
original_gldm_LargeDependenceHighGrayLevelEmphasis,0.8838452116999784,629,3,gldm,True,False
original_gldm_LargeDependenceLowGrayLevelEmphasis,0.8229747639579409,629,3,gldm,True,False
original_gldm_LowGrayLevelEmphasis,0.6476396914588276,629,3,gldm,False,False
original_gldm_SmallDependenceEmphasis,0.859806675342691,629,3,gldm,True,False
original_gldm_SmallDependenceHighGrayLevelEmphasis,0.8217420481377792,629,3,gldm,True,False
original_gldm_SmallDependenceLowGrayLevelEmphasis,0.493501195935232,629,3,gldm,False,False
original_glrlm_GrayLevelNonUniformity,0.715562545709881,629,3,glrlm,False,False
original_glrlm_GrayLevelNonUniformityNormalized,0.7501922358116933,629,3,glrlm,True,False
original_glrlm_GrayLevelVariance,0.8438699677657714,629,3,glrlm,True,False
original_glrlm_HighGrayLevelRunEmphasis,0.8550699998126362,629,3,glrlm,True,False
original_glrlm_LongRunEmphasis,0.9014085704890733,629,3,glrlm,True,True
original_glrlm_LongRunHighGrayLevelEmphasis,0.859239882885489,629,3,glrlm,True,False
original_glrlm_LongRunLowGrayLevelEmphasis,0.6747676790083602,629,3,glrlm,False,False
original_glrlm_LowGrayLevelRunEmphasis,0.6448598423225271,629,3,glrlm,False,False
original_glrlm_RunEntropy,0.7234010496260751,629,3,glrlm,False,False
original_glrlm_RunLengthNonUniformity,0.3150907020264983,629,3,glrlm,False,False
original_glrlm_RunLengthNonUniformityNormalized,0.893557500011033,629,3,glrlm,True,False
original_glrlm_RunPercentage,0.8974959552841723,629,3,glrlm,True,False
original_glrlm_RunVariance,0.902479054975134,629,3,glrlm,True,True
original_glrlm_ShortRunEmphasis,0.8952213304634318,629,3,glrlm,True,False
original_glrlm_ShortRunHighGrayLevelEmphasis,0.8539652689356851,629,3,glrlm,True,False
original_glrlm_ShortRunLowGrayLevelEmphasis,0.6370442561823265,629,3,glrlm,False,False
original_glszm_GrayLevelNonUniformity,0.6200141221940464,629,3,glszm,False,False
original_glszm_GrayLevelNonUniformityNormalized,0.6201651209536215,629,3,glszm,False,False
original_glszm_GrayLevelVariance,0.7802353401355991,629,3,glszm,True,False
original_glszm_HighGrayLevelZoneEmphasis,0.8171817989497909,629,3,glszm,True,False
original_glszm_LargeAreaEmphasis,0.8297203483943876,629,3,glszm,True,False
original_glszm_LargeAreaHighGrayLevelEmphasis,0.8741679071864135,629,3,glszm,True,False
original_glszm_LargeAreaLowGrayLevelEmphasis,0.7657469143700224,629,3,glszm,True,False
original_glszm_LowGrayLevelZoneEmphasis,0.6009003215430726,629,3,glszm,False,False
original_glszm_SizeZoneNonUniformity,0.30955016940727537,629,3,glszm,False,False
original_glszm_SizeZoneNonUniformityNormalized,0.76987492459479,629,3,glszm,True,False
original_glszm_SmallAreaEmphasis,0.7640449320535779,629,3,glszm,True,False
original_glszm_SmallAreaHighGrayLevelEmphasis,0.7859224873038745,629,3,glszm,True,False
original_glszm_SmallAreaLowGrayLevelEmphasis,0.5295486484082752,629,3,glszm,False,False
original_glszm_ZoneEntropy,0.45943024473963684,629,3,glszm,False,False
original_glszm_ZonePercentage,0.8796236015612188,629,3,glszm,True,False
original_glszm_ZoneVariance,0.7987934027217289,629,3,glszm,True,False
original_ngtdm_Busyness,0.7008252238136365,629,3,ngtdm,False,False
original_ngtdm_Coarseness,0.15790815285309193,629,3,ngtdm,False,False
original_ngtdm_Complexity,0.5843741232605454,629,3,ngtdm,False,False
original_ngtdm_Contrast,0.7596372640635775,629,3,ngtdm,True,False
original_ngtdm_Strength,0.6206595719751937,629,3,ngtdm,False,False
log-sigma-3-0-mm-3D_firstorder_10Percentile,0.8643051929730348,629,3,firstorder,True,False
log-sigma-3-0-mm-3D_firstorder_90Percentile,0.9183372915390703,629,3,firstorder,True,True
log-sigma-3-0-mm-3D_firstorder_Energy,0.5513944188465253,629,3,firstorder,False,False
log-sigma-3-0-mm-3D_firstorder_Entropy,0.8424604853022721,629,3,firstorder,True,False
log-sigma-3-0-mm-3D_firstorder_InterquartileRange,0.815760219698136,629,3,firstorder,True,False
log-sigma-3-0-mm-3D_firstorder_Kurtosis,0.7952549410307354,629,3,firstorder,True,False
log-sigma-3-0-mm-3D_firstorder_Maximum,0.9508047852875039,629,3,firstorder,True,True
log-sigma-3-0-mm-3D_firstorder_MeanAbsoluteDeviation,0.8839653516785756,629,3,firstorder,True,False
log-sigma-3-0-mm-3D_firstorder_Mean,0.8598204946254685,629,3,firstorder,True,False
log-sigma-3-0-mm-3D_firstorder_Median,0.8240682925904329,629,3,firstorder,True,False
log-sigma-3-0-mm-3D_firstorder_Minimum,0.7171770446921064,629,3,firstorder,False,False
log-sigma-3-0-mm-3D_firstorder_Range,0.8055554157449618,629,3,firstorder,True,False
log-sigma-3-0-mm-3D_firstorder_RobustMeanAbsoluteDeviation,0.8493573193521826,629,3,firstorder,True,False
log-sigma-3-0-mm-3D_firstorder_RootMeanSquared,0.9139459952748963,629,3,firstorder,True,True
log-sigma-3-0-mm-3D_firstorder_Skewness,0.637513265389686,629,3,firstorder,False,False
log-sigma-3-0-mm-3D_firstorder_TotalEnergy,0.5513944188465251,629,3,firstorder,False,False
log-sigma-3-0-mm-3D_firstorder_Uniformity,0.8407547308851768,629,3,firstorder,True,False
log-sigma-3-0-mm-3D_firstorder_Variance,0.9067642649505199,629,3,firstorder,True,True
log-sigma-3-0-mm-3D_glcm_Autocorrelation,0.6368781958673858,629,3,glcm,False,False
log-sigma-3-0-mm-3D_glcm_ClusterProminence,0.9535377609232423,629,3,glcm,True,True
log-sigma-3-0-mm-3D_glcm_ClusterShade,0.4829857928735925,629,3,glcm,False,False
log-sigma-3-0-mm-3D_glcm_ClusterTendency,0.9540646470644668,629,3,glcm,True,True
log-sigma-3-0-mm-3D_glcm_Contrast,0.7530069324972372,629,3,glcm,True,False
log-sigma-3-0-mm-3D_glcm_Correlation,0.7110457628797313,629,3,glcm,False,False
log-sigma-3-0-mm-3D_glcm_DifferenceAverage,0.7658851988883618,629,3,glcm,True,False
log-sigma-3-0-mm-3D_glcm_DifferenceEntropy,0.625212535900649,629,3,glcm,False,False
log-sigma-3-0-mm-3D_glcm_DifferenceVariance,0.7058080772165093,629,3,glcm,False,False
log-sigma-3-0-mm-3D_glcm_Id,0.8028827058419704,629,3,glcm,True,False
log-sigma-3-0-mm-3D_glcm_Idm,0.8142670959837376,629,3,glcm,True,False
log-sigma-3-0-mm-3D_glcm_Idmn,0.7629774796570407,629,3,glcm,True,False
log-sigma-3-0-mm-3D_glcm_Idn,0.8099782904904245,629,3,glcm,True,False
log-sigma-3-0-mm-3D_glcm_Imc1,0.6330557725593573,629,3,glcm,False,False
log-sigma-3-0-mm-3D_glcm_Imc2,0.8337596796410242,629,3,glcm,True,False
log-sigma-3-0-mm-3D_glcm_InverseVariance,0.7974413155449293,629,3,glcm,True,False
log-sigma-3-0-mm-3D_glcm_JointAverage,0.556205813535214,629,3,glcm,False,False
log-sigma-3-0-mm-3D_glcm_JointEnergy,0.10658386951775525,629,3,glcm,False,False
log-sigma-3-0-mm-3D_glcm_JointEntropy,0.3503838050424905,629,3,glcm,False,False
log-sigma-3-0-mm-3D_glcm_MCC,0.5028325889548549,629,3,glcm,False,False
log-sigma-3-0-mm-3D_glcm_MaximumProbability,0.2679989842881444,629,3,glcm,False,False
log-sigma-3-0-mm-3D_glcm_SumAverage,0.5562058135352144,629,3,glcm,False,False
log-sigma-3-0-mm-3D_glcm_SumEntropy,0.6909244246492026,629,3,glcm,False,False
log-sigma-3-0-mm-3D_glcm_SumSquares,0.9394009368235046,629,3,glcm,True,True
log-sigma-3-0-mm-3D_gldm_DependenceEntropy,0.46188050437095785,629,3,gldm,False,False
log-sigma-3-0-mm-3D_gldm_DependenceNonUniformity,0.29512401671196065,629,3,gldm,False,False
log-sigma-3-0-mm-3D_gldm_DependenceNonUniformityNormalized,0.8425623924947099,629,3,gldm,True,False
log-sigma-3-0-mm-3D_gldm_DependenceVariance,0.8903305456479825,629,3,gldm,True,False
log-sigma-3-0-mm-3D_gldm_GrayLevelNonUniformity,0.6634511953051667,629,3,gldm,False,False
log-sigma-3-0-mm-3D_gldm_GrayLevelVariance,0.9067549478643391,629,3,gldm,True,True
log-sigma-3-0-mm-3D_gldm_HighGrayLevelEmphasis,0.7389929801252,629,3,gldm,False,False
log-sigma-3-0-mm-3D_gldm_LargeDependenceEmphasis,0.9148054104776462,629,3,gldm,True,True
log-sigma-3-0-mm-3D_gldm_LargeDependenceHighGrayLevelEmphasis,0.5139193680496597,629,3,gldm,False,False
log-sigma-3-0-mm-3D_gldm_LargeDependenceLowGrayLevelEmphasis,0.613657410821664,629,3,gldm,False,False
log-sigma-3-0-mm-3D_gldm_LowGrayLevelEmphasis,0.33116586527446806,629,3,gldm,False,False
log-sigma-3-0-mm-3D_gldm_SmallDependenceEmphasis,0.8476384900322524,629,3,gldm,True,False
log-sigma-3-0-mm-3D_gldm_SmallDependenceHighGrayLevelEmphasis,0.8304984798625619,629,3,gldm,True,False
log-sigma-3-0-mm-3D_gldm_SmallDependenceLowGrayLevelEmphasis,0.2893119493175541,629,3,gldm,False,False
log-sigma-3-0-mm-3D_glrlm_GrayLevelNonUniformity,0.6494898489357371,629,3,glrlm,False,False
log-sigma-3-0-mm-3D_glrlm_GrayLevelNonUniformityNormalized,0.8347622445951782,629,3,glrlm,True,False
log-sigma-3-0-mm-3D_glrlm_GrayLevelVariance,0.9057745190928701,629,3,glrlm,True,True
log-sigma-3-0-mm-3D_glrlm_HighGrayLevelRunEmphasis,0.7406895209852322,629,3,glrlm,False,False
log-sigma-3-0-mm-3D_glrlm_LongRunEmphasis,0.915616502905574,629,3,glrlm,True,True
log-sigma-3-0-mm-3D_glrlm_LongRunHighGrayLevelEmphasis,0.714315541177838,629,3,glrlm,False,False
log-sigma-3-0-mm-3D_glrlm_LongRunLowGrayLevelEmphasis,0.39415675478251516,629,3,glrlm,False,False
log-sigma-3-0-mm-3D_glrlm_LowGrayLevelRunEmphasis,0.33132033571299463,629,3,glrlm,False,False
log-sigma-3-0-mm-3D_glrlm_RunEntropy,0.7969226891605053,629,3,glrlm,True,False
log-sigma-3-0-mm-3D_glrlm_RunLengthNonUniformity,0.3082313537973534,629,3,glrlm,False,False
log-sigma-3-0-mm-3D_glrlm_RunLengthNonUniformityNormalized,0.9003739527134759,629,3,glrlm,True,True
log-sigma-3-0-mm-3D_glrlm_RunPercentage,0.9074898212936806,629,3,glrlm,True,True
log-sigma-3-0-mm-3D_glrlm_RunVariance,0.9142032853163137,629,3,glrlm,True,True
log-sigma-3-0-mm-3D_glrlm_ShortRunEmphasis,0.9068113190495267,629,3,glrlm,True,True
log-sigma-3-0-mm-3D_glrlm_ShortRunHighGrayLevelEmphasis,0.7466888507194411,629,3,glrlm,False,False
log-sigma-3-0-mm-3D_glrlm_ShortRunLowGrayLevelEmphasis,0.3164747116757629,629,3,glrlm,False,False
log-sigma-3-0-mm-3D_glszm_GrayLevelNonUniformity,0.46402626066097974,629,3,glszm,False,False
log-sigma-3-0-mm-3D_glszm_GrayLevelNonUniformityNormalized,0.7541348122701558,629,3,glszm,True,False
log-sigma-3-0-mm-3D_glszm_GrayLevelVariance,0.8907891347515978,629,3,glszm,True,False
log-sigma-3-0-mm-3D_glszm_HighGrayLevelZoneEmphasis,0.766038541390738,629,3,glszm,True,False
log-sigma-3-0-mm-3D_glszm_LargeAreaEmphasis,0.7036748255080966,629,3,glszm,False,False
log-sigma-3-0-mm-3D_glszm_LargeAreaHighGrayLevelEmphasis,0.47425314787365236,629,3,glszm,False,False
log-sigma-3-0-mm-3D_glszm_LargeAreaLowGrayLevelEmphasis,0.6915273039630976,629,3,glszm,False,False
log-sigma-3-0-mm-3D_glszm_LowGrayLevelZoneEmphasis,0.373996999404149,629,3,glszm,False,False
log-sigma-3-0-mm-3D_glszm_SizeZoneNonUniformity,0.29812523528907625,629,3,glszm,False,False
log-sigma-3-0-mm-3D_glszm_SizeZoneNonUniformityNormalized,0.7423002798988069,629,3,glszm,False,False
log-sigma-3-0-mm-3D_glszm_SmallAreaEmphasis,0.7481984225795792,629,3,glszm,False,False
log-sigma-3-0-mm-3D_glszm_SmallAreaHighGrayLevelEmphasis,0.8022632438593117,629,3,glszm,True,False
log-sigma-3-0-mm-3D_glszm_SmallAreaLowGrayLevelEmphasis,0.36676831269444793,629,3,glszm,False,False
log-sigma-3-0-mm-3D_glszm_ZoneEntropy,0.5184981833732565,629,3,glszm,False,False
log-sigma-3-0-mm-3D_glszm_ZonePercentage,0.874869523227896,629,3,glszm,True,False
log-sigma-3-0-mm-3D_glszm_ZoneVariance,0.6545053669325286,629,3,glszm,False,False
log-sigma-3-0-mm-3D_ngtdm_Busyness,0.7056172735923626,629,3,ngtdm,False,False
log-sigma-3-0-mm-3D_ngtdm_Coarseness,0.22337196305783288,629,3,ngtdm,False,False
log-sigma-3-0-mm-3D_ngtdm_Complexity,0.7917647946003536,629,3,ngtdm,True,False
log-sigma-3-0-mm-3D_ngtdm_Contrast,0.7661551582434336,629,3,ngtdm,True,False
log-sigma-3-0-mm-3D_ngtdm_Strength,0.6685691763925725,629,3,ngtdm,False,False
log-sigma-4-0-mm-3D_firstorder_10Percentile,0.8535239275686274,629,3,firstorder,True,False
log-sigma-4-0-mm-3D_firstorder_90Percentile,0.934093910875815,629,3,firstorder,True,True
log-sigma-4-0-mm-3D_firstorder_Energy,0.7307487788599253,629,3,firstorder,False,False
log-sigma-4-0-mm-3D_firstorder_Entropy,0.8099728673998334,629,3,firstorder,True,False
log-sigma-4-0-mm-3D_firstorder_InterquartileRange,0.8088615940333354,629,3,firstorder,True,False
log-sigma-4-0-mm-3D_firstorder_Kurtosis,0.82331244816709,629,3,firstorder,True,False
log-sigma-4-0-mm-3D_firstorder_Maximum,0.9853709472188354,629,3,firstorder,True,True
log-sigma-4-0-mm-3D_firstorder_MeanAbsoluteDeviation,0.8624474358123427,629,3,firstorder,True,False
log-sigma-4-0-mm-3D_firstorder_Mean,0.8846049874628326,629,3,firstorder,True,False
log-sigma-4-0-mm-3D_firstorder_Median,0.8839396704122289,629,3,firstorder,True,False
log-sigma-4-0-mm-3D_firstorder_Minimum,0.7465614539411564,629,3,firstorder,False,False
log-sigma-4-0-mm-3D_firstorder_Range,0.8211089694550816,629,3,firstorder,True,False
log-sigma-4-0-mm-3D_firstorder_RobustMeanAbsoluteDeviation,0.8289038601046096,629,3,firstorder,True,False
log-sigma-4-0-mm-3D_firstorder_RootMeanSquared,0.8772655458945898,629,3,firstorder,True,False
log-sigma-4-0-mm-3D_firstorder_Skewness,0.7502177490453964,629,3,firstorder,True,False
log-sigma-4-0-mm-3D_firstorder_TotalEnergy,0.7307487788599254,629,3,firstorder,False,False
log-sigma-4-0-mm-3D_firstorder_Uniformity,0.7849386352236982,629,3,firstorder,True,False
log-sigma-4-0-mm-3D_firstorder_Variance,0.8898913386560546,629,3,firstorder,True,False
log-sigma-4-0-mm-3D_glcm_Autocorrelation,0.7253172739220974,629,3,glcm,False,False
log-sigma-4-0-mm-3D_glcm_ClusterProminence,0.9576328769525917,629,3,glcm,True,True
log-sigma-4-0-mm-3D_glcm_ClusterShade,0.6103274749631485,629,3,glcm,False,False
log-sigma-4-0-mm-3D_glcm_ClusterTendency,0.9499158590951161,629,3,glcm,True,True
log-sigma-4-0-mm-3D_glcm_Contrast,0.6584419847477685,629,3,glcm,False,False
log-sigma-4-0-mm-3D_glcm_Correlation,0.8079597877066793,629,3,glcm,True,False
log-sigma-4-0-mm-3D_glcm_DifferenceAverage,0.6632939880098346,629,3,glcm,False,False
log-sigma-4-0-mm-3D_glcm_DifferenceEntropy,0.5504088742691803,629,3,glcm,False,False
log-sigma-4-0-mm-3D_glcm_DifferenceVariance,0.6434439041422415,629,3,glcm,False,False
log-sigma-4-0-mm-3D_glcm_Id,0.7132970291829089,629,3,glcm,False,False
log-sigma-4-0-mm-3D_glcm_Idm,0.7340929597257801,629,3,glcm,False,False
log-sigma-4-0-mm-3D_glcm_Idmn,0.8296810958487926,629,3,glcm,True,False
log-sigma-4-0-mm-3D_glcm_Idn,0.8512929376023775,629,3,glcm,True,False
log-sigma-4-0-mm-3D_glcm_Imc1,0.5948892077033865,629,3,glcm,False,False
log-sigma-4-0-mm-3D_glcm_Imc2,0.822967262418931,629,3,glcm,True,False
log-sigma-4-0-mm-3D_glcm_InverseVariance,0.7248630747618028,629,3,glcm,False,False
log-sigma-4-0-mm-3D_glcm_JointAverage,0.6125000198718484,629,3,glcm,False,False
log-sigma-4-0-mm-3D_glcm_JointEnergy,0.1082953809484507,629,3,glcm,False,False
log-sigma-4-0-mm-3D_glcm_JointEntropy,0.32780262188843345,629,3,glcm,False,False
log-sigma-4-0-mm-3D_glcm_MCC,0.5280337891530514,629,3,glcm,False,False
log-sigma-4-0-mm-3D_glcm_MaximumProbability,0.2863082394876457,629,3,glcm,False,False
log-sigma-4-0-mm-3D_glcm_SumAverage,0.6125000198718482,629,3,glcm,False,False
log-sigma-4-0-mm-3D_glcm_SumEntropy,0.6834160518273434,629,3,glcm,False,False
log-sigma-4-0-mm-3D_glcm_SumSquares,0.9363882665101511,629,3,glcm,True,True
log-sigma-4-0-mm-3D_gldm_DependenceEntropy,0.5116791963040552,629,3,gldm,False,False
log-sigma-4-0-mm-3D_gldm_DependenceNonUniformity,0.2514904102435896,629,3,gldm,False,False
log-sigma-4-0-mm-3D_gldm_DependenceNonUniformityNormalized,0.8479032387604116,629,3,gldm,True,False
log-sigma-4-0-mm-3D_gldm_DependenceVariance,0.9302103767619515,629,3,gldm,True,True
log-sigma-4-0-mm-3D_gldm_GrayLevelNonUniformity,0.6866068305241507,629,3,gldm,False,False
log-sigma-4-0-mm-3D_gldm_GrayLevelVariance,0.8898966377369569,629,3,gldm,True,False
log-sigma-4-0-mm-3D_gldm_HighGrayLevelEmphasis,0.8119477961679161,629,3,gldm,True,False
log-sigma-4-0-mm-3D_gldm_LargeDependenceEmphasis,0.924921037975587,629,3,gldm,True,True
log-sigma-4-0-mm-3D_gldm_LargeDependenceHighGrayLevelEmphasis,0.5881937591114602,629,3,gldm,False,False
log-sigma-4-0-mm-3D_gldm_LargeDependenceLowGrayLevelEmphasis,0.6080059049640891,629,3,gldm,False,False
log-sigma-4-0-mm-3D_gldm_LowGrayLevelEmphasis,0.33672367878730947,629,3,gldm,False,False
log-sigma-4-0-mm-3D_gldm_SmallDependenceEmphasis,0.8349025045385655,629,3,gldm,True,False
log-sigma-4-0-mm-3D_gldm_SmallDependenceHighGrayLevelEmphasis,0.8747011972362666,629,3,gldm,True,False
log-sigma-4-0-mm-3D_gldm_SmallDependenceLowGrayLevelEmphasis,0.2342131048120067,629,3,gldm,False,False
log-sigma-4-0-mm-3D_glrlm_GrayLevelNonUniformity,0.659950672359498,629,3,glrlm,False,False
log-sigma-4-0-mm-3D_glrlm_GrayLevelNonUniformityNormalized,0.7802450782169825,629,3,glrlm,True,False
log-sigma-4-0-mm-3D_glrlm_GrayLevelVariance,0.8897446632899325,629,3,glrlm,True,False
log-sigma-4-0-mm-3D_glrlm_HighGrayLevelRunEmphasis,0.8137200577472989,629,3,glrlm,True,False
log-sigma-4-0-mm-3D_glrlm_LongRunEmphasis,0.9149634432636751,629,3,glrlm,True,True
log-sigma-4-0-mm-3D_glrlm_LongRunHighGrayLevelEmphasis,0.7916233064384726,629,3,glrlm,True,False
log-sigma-4-0-mm-3D_glrlm_LongRunLowGrayLevelEmphasis,0.43075742798084127,629,3,glrlm,False,False
log-sigma-4-0-mm-3D_glrlm_LowGrayLevelRunEmphasis,0.3315896188256763,629,3,glrlm,False,False
log-sigma-4-0-mm-3D_glrlm_RunEntropy,0.7744661149807855,629,3,glrlm,True,False
log-sigma-4-0-mm-3D_glrlm_RunLengthNonUniformity,0.2959328477928166,629,3,glrlm,False,False
log-sigma-4-0-mm-3D_glrlm_RunLengthNonUniformityNormalized,0.8934543652094438,629,3,glrlm,True,False
log-sigma-4-0-mm-3D_glrlm_RunPercentage,0.9043287495816518,629,3,glrlm,True,True
log-sigma-4-0-mm-3D_glrlm_RunVariance,0.9179449708284683,629,3,glrlm,True,True
log-sigma-4-0-mm-3D_glrlm_ShortRunEmphasis,0.8989901460324596,629,3,glrlm,True,False
log-sigma-4-0-mm-3D_glrlm_ShortRunHighGrayLevelEmphasis,0.8181242132744254,629,3,glrlm,True,False
log-sigma-4-0-mm-3D_glrlm_ShortRunLowGrayLevelEmphasis,0.30713275849215416,629,3,glrlm,False,False
log-sigma-4-0-mm-3D_glszm_GrayLevelNonUniformity,0.4017896751750908,629,3,glszm,False,False
log-sigma-4-0-mm-3D_glszm_GrayLevelNonUniformityNormalized,0.7314375936949858,629,3,glszm,False,False
log-sigma-4-0-mm-3D_glszm_GrayLevelVariance,0.8901244311006039,629,3,glszm,True,False
log-sigma-4-0-mm-3D_glszm_HighGrayLevelZoneEmphasis,0.8388789125284128,629,3,glszm,True,False
log-sigma-4-0-mm-3D_glszm_LargeAreaEmphasis,0.8075252537948338,629,3,glszm,True,False
log-sigma-4-0-mm-3D_glszm_LargeAreaHighGrayLevelEmphasis,0.4833951362479803,629,3,glszm,False,False
log-sigma-4-0-mm-3D_glszm_LargeAreaLowGrayLevelEmphasis,0.5606677449215057,629,3,glszm,False,False
log-sigma-4-0-mm-3D_glszm_LowGrayLevelZoneEmphasis,0.3457625161993574,629,3,glszm,False,False
log-sigma-4-0-mm-3D_glszm_SizeZoneNonUniformity,0.2606737604426152,629,3,glszm,False,False
log-sigma-4-0-mm-3D_glszm_SizeZoneNonUniformityNormalized,0.7390445520320694,629,3,glszm,False,False
log-sigma-4-0-mm-3D_glszm_SmallAreaEmphasis,0.7413474017800086,629,3,glszm,False,False
log-sigma-4-0-mm-3D_glszm_SmallAreaHighGrayLevelEmphasis,0.8640882685062056,629,3,glszm,True,False
log-sigma-4-0-mm-3D_glszm_SmallAreaLowGrayLevelEmphasis,0.2724207569647367,629,3,glszm,False,False
log-sigma-4-0-mm-3D_glszm_ZoneEntropy,0.5884373363172253,629,3,glszm,False,False
log-sigma-4-0-mm-3D_glszm_ZonePercentage,0.8626436654692876,629,3,glszm,True,False
log-sigma-4-0-mm-3D_glszm_ZoneVariance,0.7712165992765546,629,3,glszm,True,False
log-sigma-4-0-mm-3D_ngtdm_Busyness,0.7081627841716369,629,3,ngtdm,False,False
log-sigma-4-0-mm-3D_ngtdm_Coarseness,0.26058436196678,629,3,ngtdm,False,False
log-sigma-4-0-mm-3D_ngtdm_Complexity,0.7527380158112559,629,3,ngtdm,True,False
log-sigma-4-0-mm-3D_ngtdm_Contrast,0.6864763410050831,629,3,ngtdm,False,False
log-sigma-4-0-mm-3D_ngtdm_Strength,0.6628044707768411,629,3,ngtdm,False,False
log-sigma-5-0-mm-3D_firstorder_10Percentile,0.844776370046689,629,3,firstorder,True,False
log-sigma-5-0-mm-3D_firstorder_90Percentile,0.9422004174751107,629,3,firstorder,True,True
log-sigma-5-0-mm-3D_firstorder_Energy,0.8045958767570779,629,3,firstorder,True,False
log-sigma-5-0-mm-3D_firstorder_Entropy,0.7577374049508884,629,3,firstorder,True,False
log-sigma-5-0-mm-3D_firstorder_InterquartileRange,0.8035760361692219,629,3,firstorder,True,False
log-sigma-5-0-mm-3D_firstorder_Kurtosis,0.7521899696793855,629,3,firstorder,True,False
log-sigma-5-0-mm-3D_firstorder_Maximum,0.9859054202003258,629,3,firstorder,True,True
log-sigma-5-0-mm-3D_firstorder_MeanAbsoluteDeviation,0.8359568294162196,629,3,firstorder,True,False
log-sigma-5-0-mm-3D_firstorder_Mean,0.8848278744640199,629,3,firstorder,True,False
log-sigma-5-0-mm-3D_firstorder_Median,0.8889226791169405,629,3,firstorder,True,False
log-sigma-5-0-mm-3D_firstorder_Minimum,0.678180686598837,629,3,firstorder,False,False
log-sigma-5-0-mm-3D_firstorder_Range,0.7134099874830603,629,3,firstorder,False,False
log-sigma-5-0-mm-3D_firstorder_RobustMeanAbsoluteDeviation,0.8131020566268512,629,3,firstorder,True,False
log-sigma-5-0-mm-3D_firstorder_RootMeanSquared,0.8766712187879064,629,3,firstorder,True,False
log-sigma-5-0-mm-3D_firstorder_Skewness,0.7806129209123456,629,3,firstorder,True,False
log-sigma-5-0-mm-3D_firstorder_TotalEnergy,0.8045958767570781,629,3,firstorder,True,False
log-sigma-5-0-mm-3D_firstorder_Uniformity,0.7288210312932171,629,3,firstorder,False,False
log-sigma-5-0-mm-3D_firstorder_Variance,0.8759415760788604,629,3,firstorder,True,False
log-sigma-5-0-mm-3D_glcm_Autocorrelation,0.6170986402067486,629,3,glcm,False,False
log-sigma-5-0-mm-3D_glcm_ClusterProminence,0.9543590003347063,629,3,glcm,True,True
log-sigma-5-0-mm-3D_glcm_ClusterShade,0.7687510570550922,629,3,glcm,True,False
log-sigma-5-0-mm-3D_glcm_ClusterTendency,0.9367824440061515,629,3,glcm,True,True
log-sigma-5-0-mm-3D_glcm_Contrast,0.54582796306086,629,3,glcm,False,False
log-sigma-5-0-mm-3D_glcm_Correlation,0.8315459452777891,629,3,glcm,True,False
log-sigma-5-0-mm-3D_glcm_DifferenceAverage,0.5763674858093976,629,3,glcm,False,False
log-sigma-5-0-mm-3D_glcm_DifferenceEntropy,0.5196275147995834,629,3,glcm,False,False
log-sigma-5-0-mm-3D_glcm_DifferenceVariance,0.535075634369909,629,3,glcm,False,False
log-sigma-5-0-mm-3D_glcm_Id,0.6794715071775537,629,3,glcm,False,False
log-sigma-5-0-mm-3D_glcm_Idm,0.7106145613463065,629,3,glcm,False,False
log-sigma-5-0-mm-3D_glcm_Idmn,0.7966157601623443,629,3,glcm,True,False
log-sigma-5-0-mm-3D_glcm_Idn,0.8292858419144556,629,3,glcm,True,False
log-sigma-5-0-mm-3D_glcm_Imc1,0.533578286536766,629,3,glcm,False,False
log-sigma-5-0-mm-3D_glcm_Imc2,0.8161667094557056,629,3,glcm,True,False
log-sigma-5-0-mm-3D_glcm_InverseVariance,0.6908073538368397,629,3,glcm,False,False
log-sigma-5-0-mm-3D_glcm_JointAverage,0.5163967394891702,629,3,glcm,False,False
log-sigma-5-0-mm-3D_glcm_JointEnergy,0.14135029096090676,629,3,glcm,False,False
log-sigma-5-0-mm-3D_glcm_JointEntropy,0.33431182294323575,629,3,glcm,False,False
log-sigma-5-0-mm-3D_glcm_MCC,0.5672465607847634,629,3,glcm,False,False
log-sigma-5-0-mm-3D_glcm_MaximumProbability,0.31909417860790873,629,3,glcm,False,False
log-sigma-5-0-mm-3D_glcm_SumAverage,0.5163967394891703,629,3,glcm,False,False
log-sigma-5-0-mm-3D_glcm_SumEntropy,0.6463133105513089,629,3,glcm,False,False
log-sigma-5-0-mm-3D_glcm_SumSquares,0.9170982158005577,629,3,glcm,True,True
log-sigma-5-0-mm-3D_gldm_DependenceEntropy,0.4732910879472504,629,3,gldm,False,False
log-sigma-5-0-mm-3D_gldm_DependenceNonUniformity,0.25746632995929236,629,3,gldm,False,False
log-sigma-5-0-mm-3D_gldm_DependenceNonUniformityNormalized,0.828510876567182,629,3,gldm,True,False
log-sigma-5-0-mm-3D_gldm_DependenceVariance,0.9313729717661692,629,3,gldm,True,True
log-sigma-5-0-mm-3D_gldm_GrayLevelNonUniformity,0.6838785417542956,629,3,gldm,False,False
log-sigma-5-0-mm-3D_gldm_GrayLevelVariance,0.8759560098121046,629,3,gldm,True,False
log-sigma-5-0-mm-3D_gldm_HighGrayLevelEmphasis,0.7076788826136797,629,3,gldm,False,False
log-sigma-5-0-mm-3D_gldm_LargeDependenceEmphasis,0.9277812646181484,629,3,gldm,True,True
log-sigma-5-0-mm-3D_gldm_LargeDependenceHighGrayLevelEmphasis,0.47709363474662203,629,3,gldm,False,False
log-sigma-5-0-mm-3D_gldm_LargeDependenceLowGrayLevelEmphasis,0.5572926934717899,629,3,gldm,False,False
log-sigma-5-0-mm-3D_gldm_LowGrayLevelEmphasis,0.2931819145411278,629,3,gldm,False,False
log-sigma-5-0-mm-3D_gldm_SmallDependenceEmphasis,0.8264352776377257,629,3,gldm,True,False
log-sigma-5-0-mm-3D_gldm_SmallDependenceHighGrayLevelEmphasis,0.7998812467043699,629,3,gldm,True,False
log-sigma-5-0-mm-3D_gldm_SmallDependenceLowGrayLevelEmphasis,0.21254053908890988,629,3,gldm,False,False
log-sigma-5-0-mm-3D_glrlm_GrayLevelNonUniformity,0.6517974876089495,629,3,glrlm,False,False
log-sigma-5-0-mm-3D_glrlm_GrayLevelNonUniformityNormalized,0.725704729075286,629,3,glrlm,False,False
log-sigma-5-0-mm-3D_glrlm_GrayLevelVariance,0.875052859494183,629,3,glrlm,True,False
log-sigma-5-0-mm-3D_glrlm_HighGrayLevelRunEmphasis,0.7100018748208364,629,3,glrlm,False,False
log-sigma-5-0-mm-3D_glrlm_LongRunEmphasis,0.91705931206311,629,3,glrlm,True,True
log-sigma-5-0-mm-3D_glrlm_LongRunHighGrayLevelEmphasis,0.6778248978557998,629,3,glrlm,False,False
log-sigma-5-0-mm-3D_glrlm_LongRunLowGrayLevelEmphasis,0.3778859067309181,629,3,glrlm,False,False
log-sigma-5-0-mm-3D_glrlm_LowGrayLevelRunEmphasis,0.28860128076115654,629,3,glrlm,False,False
log-sigma-5-0-mm-3D_glrlm_RunEntropy,0.7163343751160405,629,3,glrlm,False,False
log-sigma-5-0-mm-3D_glrlm_RunLengthNonUniformity,0.30182832832397477,629,3,glrlm,False,False
log-sigma-5-0-mm-3D_glrlm_RunLengthNonUniformityNormalized,0.8897770402912903,629,3,glrlm,True,False
log-sigma-5-0-mm-3D_glrlm_RunPercentage,0.9044041756420171,629,3,glrlm,True,True
log-sigma-5-0-mm-3D_glrlm_RunVariance,0.9235291306091887,629,3,glrlm,True,True
log-sigma-5-0-mm-3D_glrlm_ShortRunEmphasis,0.896410214177954,629,3,glrlm,True,False
log-sigma-5-0-mm-3D_glrlm_ShortRunHighGrayLevelEmphasis,0.7159312464673914,629,3,glrlm,False,False
log-sigma-5-0-mm-3D_glrlm_ShortRunLowGrayLevelEmphasis,0.26585903824345813,629,3,glrlm,False,False
log-sigma-5-0-mm-3D_glszm_GrayLevelNonUniformity,0.4060985836636367,629,3,glszm,False,False
log-sigma-5-0-mm-3D_glszm_GrayLevelNonUniformityNormalized,0.712345148629009,629,3,glszm,False,False
log-sigma-5-0-mm-3D_glszm_GrayLevelVariance,0.8654293180406832,629,3,glszm,True,False
log-sigma-5-0-mm-3D_glszm_HighGrayLevelZoneEmphasis,0.7435108692556255,629,3,glszm,False,False
log-sigma-5-0-mm-3D_glszm_LargeAreaEmphasis,0.9400980220546742,629,3,glszm,True,True
log-sigma-5-0-mm-3D_glszm_LargeAreaHighGrayLevelEmphasis,0.44955887201052863,629,3,glszm,False,False
log-sigma-5-0-mm-3D_glszm_LargeAreaLowGrayLevelEmphasis,0.6662372700422345,629,3,glszm,False,False
log-sigma-5-0-mm-3D_glszm_LowGrayLevelZoneEmphasis,0.4095305659761498,629,3,glszm,False,False
log-sigma-5-0-mm-3D_glszm_SizeZoneNonUniformity,0.27961886920490225,629,3,glszm,False,False
log-sigma-5-0-mm-3D_glszm_SizeZoneNonUniformityNormalized,0.7418074223745453,629,3,glszm,False,False
log-sigma-5-0-mm-3D_glszm_SmallAreaEmphasis,0.7499856553402331,629,3,glszm,False,False
log-sigma-5-0-mm-3D_glszm_SmallAreaHighGrayLevelEmphasis,0.779638241448957,629,3,glszm,True,False
log-sigma-5-0-mm-3D_glszm_SmallAreaLowGrayLevelEmphasis,0.3528482600043101,629,3,glszm,False,False
log-sigma-5-0-mm-3D_glszm_ZoneEntropy,0.5165366977543049,629,3,glszm,False,False
log-sigma-5-0-mm-3D_glszm_ZonePercentage,0.8563256310714714,629,3,glszm,True,False
log-sigma-5-0-mm-3D_glszm_ZoneVariance,0.9222998037015979,629,3,glszm,True,True
log-sigma-5-0-mm-3D_ngtdm_Busyness,0.7685175644328168,629,3,ngtdm,True,False
log-sigma-5-0-mm-3D_ngtdm_Coarseness,0.2942687430731266,629,3,ngtdm,False,False
log-sigma-5-0-mm-3D_ngtdm_Complexity,0.5936445650138039,629,3,ngtdm,False,False
log-sigma-5-0-mm-3D_ngtdm_Contrast,0.6333877090615992,629,3,ngtdm,False,False
log-sigma-5-0-mm-3D_ngtdm_Strength,0.6371423058334534,629,3,ngtdm,False,False
wavelet-LLH_firstorder_10Percentile,0.4219476088486909,629,3,firstorder,False,False
wavelet-LLH_firstorder_90Percentile,0.7312406721613613,629,3,firstorder,False,False
wavelet-LLH_firstorder_Energy,0.5833533745518255,629,3,firstorder,False,False
wavelet-LLH_firstorder_Entropy,0.67910053309951,629,3,firstorder,False,False
wavelet-LLH_firstorder_InterquartileRange,0.7928394435177237,629,3,firstorder,True,False
wavelet-LLH_firstorder_Kurtosis,0.5865371448819192,629,3,firstorder,False,False
wavelet-LLH_firstorder_Maximum,0.8924300013603871,629,3,firstorder,True,False
wavelet-LLH_firstorder_MeanAbsoluteDeviation,0.8616471811722692,629,3,firstorder,True,False
wavelet-LLH_firstorder_Mean,0.2425336594110575,629,3,firstorder,False,False
wavelet-LLH_firstorder_Median,0.5269241934462773,629,3,firstorder,False,False
wavelet-LLH_firstorder_Minimum,0.5967416360486415,629,3,firstorder,False,False
wavelet-LLH_firstorder_Range,0.7543103596881404,629,3,firstorder,True,False
wavelet-LLH_firstorder_RobustMeanAbsoluteDeviation,0.8335607163609023,629,3,firstorder,True,False
wavelet-LLH_firstorder_RootMeanSquared,0.9224904063687209,629,3,firstorder,True,True
wavelet-LLH_firstorder_Skewness,0.7567637885318246,629,3,firstorder,True,False
wavelet-LLH_firstorder_TotalEnergy,0.5833533745518257,629,3,firstorder,False,False
wavelet-LLH_firstorder_Uniformity,0.7751981185081899,629,3,firstorder,True,False
wavelet-LLH_firstorder_Variance,0.8418178979095473,629,3,firstorder,True,False
wavelet-LLH_glcm_Autocorrelation,0.7112977607282963,629,3,glcm,False,False
wavelet-LLH_glcm_ClusterProminence,0.7930221742053387,629,3,glcm,True,False
wavelet-LLH_glcm_ClusterShade,0.7772347013783769,629,3,glcm,True,False
wavelet-LLH_glcm_ClusterTendency,0.7751887178662276,629,3,glcm,True,False
wavelet-LLH_glcm_Contrast,0.7985327414264027,629,3,glcm,True,False
wavelet-LLH_glcm_Correlation,0.37414328944956304,629,3,glcm,False,False
wavelet-LLH_glcm_DifferenceAverage,0.8314067330234582,629,3,glcm,True,False
wavelet-LLH_glcm_DifferenceEntropy,0.4136453999152097,629,3,glcm,False,False
wavelet-LLH_glcm_DifferenceVariance,0.7592501493083487,629,3,glcm,True,False
wavelet-LLH_glcm_Id,0.8936059748347028,629,3,glcm,True,False
wavelet-LLH_glcm_Idm,0.8981420265264566,629,3,glcm,True,False
wavelet-LLH_glcm_Idmn,0.6232960545056598,629,3,glcm,False,False
wavelet-LLH_glcm_Idn,0.6090976986756524,629,3,glcm,False,False
wavelet-LLH_glcm_Imc1,0.5433382847934636,629,3,glcm,False,False
wavelet-LLH_glcm_Imc2,0.8027115066130558,629,3,glcm,True,False
wavelet-LLH_glcm_InverseVariance,0.8981378177329049,629,3,glcm,True,False
wavelet-LLH_glcm_JointAverage,0.7183320664771874,629,3,glcm,False,False
wavelet-LLH_glcm_JointEnergy,0.057060948141768875,629,3,glcm,False,False
wavelet-LLH_glcm_JointEntropy,0.2710468387863298,629,3,glcm,False,False
wavelet-LLH_glcm_MCC,0.4196435051093044,629,3,glcm,False,False
wavelet-LLH_glcm_MaximumProbability,0.07928017223535765,629,3,glcm,False,False
wavelet-LLH_glcm_SumAverage,0.7183320664771874,629,3,glcm,False,False
wavelet-LLH_glcm_SumEntropy,0.2991062378607801,629,3,glcm,False,False
wavelet-LLH_glcm_SumSquares,0.8302368609748446,629,3,glcm,True,False
wavelet-LLH_gldm_DependenceEntropy,0.3536049972331807,629,3,gldm,False,False
wavelet-LLH_gldm_DependenceNonUniformity,0.326068630466222,629,3,gldm,False,False
wavelet-LLH_gldm_DependenceNonUniformityNormalized,0.7750625532544173,629,3,gldm,True,False
wavelet-LLH_gldm_DependenceVariance,0.8155471903222667,629,3,gldm,True,False
wavelet-LLH_gldm_GrayLevelNonUniformity,0.5833421113763098,629,3,gldm,False,False
wavelet-LLH_gldm_GrayLevelVariance,0.8418540962837439,629,3,gldm,True,False
wavelet-LLH_gldm_HighGrayLevelEmphasis,0.7417504102728893,629,3,gldm,False,False
wavelet-LLH_gldm_LargeDependenceEmphasis,0.8403029660935892,629,3,gldm,True,False
wavelet-LLH_gldm_LargeDependenceHighGrayLevelEmphasis,0.6658941805534637,629,3,gldm,False,False
wavelet-LLH_gldm_LargeDependenceLowGrayLevelEmphasis,0.30086912036913593,629,3,gldm,False,False
wavelet-LLH_gldm_LowGrayLevelEmphasis,0.3447212817709473,629,3,gldm,False,False
wavelet-LLH_gldm_SmallDependenceEmphasis,0.8152937657812913,629,3,gldm,True,False
wavelet-LLH_gldm_SmallDependenceHighGrayLevelEmphasis,0.771662918848695,629,3,gldm,True,False
wavelet-LLH_gldm_SmallDependenceLowGrayLevelEmphasis,0.3079944748756959,629,3,gldm,False,False
wavelet-LLH_glrlm_GrayLevelNonUniformity,0.5773406727063249,629,3,glrlm,False,False
wavelet-LLH_glrlm_GrayLevelNonUniformityNormalized,0.7717055983246771,629,3,glrlm,True,False
wavelet-LLH_glrlm_GrayLevelVariance,0.8409640566239283,629,3,glrlm,True,False
wavelet-LLH_glrlm_HighGrayLevelRunEmphasis,0.7416093876849507,629,3,glrlm,False,False
wavelet-LLH_glrlm_LongRunEmphasis,0.8522298786603864,629,3,glrlm,True,False
wavelet-LLH_glrlm_LongRunHighGrayLevelEmphasis,0.7364408796647427,629,3,glrlm,False,False
wavelet-LLH_glrlm_LongRunLowGrayLevelEmphasis,0.34825066762025075,629,3,glrlm,False,False
wavelet-LLH_glrlm_LowGrayLevelRunEmphasis,0.3466536375397633,629,3,glrlm,False,False
wavelet-LLH_glrlm_RunEntropy,0.6400547545605083,629,3,glrlm,False,False
wavelet-LLH_glrlm_RunLengthNonUniformity,0.3299200029402476,629,3,glrlm,False,False
wavelet-LLH_glrlm_RunLengthNonUniformityNormalized,0.8274989927127994,629,3,glrlm,True,False
wavelet-LLH_glrlm_RunPercentage,0.8369024133114099,629,3,glrlm,True,False
wavelet-LLH_glrlm_RunVariance,0.8550970880096661,629,3,glrlm,True,False
wavelet-LLH_glrlm_ShortRunEmphasis,0.8368963224283741,629,3,glrlm,True,False
wavelet-LLH_glrlm_ShortRunHighGrayLevelEmphasis,0.7428849994635667,629,3,glrlm,False,False
wavelet-LLH_glrlm_ShortRunLowGrayLevelEmphasis,0.3459458615683922,629,3,glrlm,False,False
wavelet-LLH_glszm_GrayLevelNonUniformity,0.5070808745086521,629,3,glszm,False,False
wavelet-LLH_glszm_GrayLevelNonUniformityNormalized,0.7345482890311873,629,3,glszm,False,False
wavelet-LLH_glszm_GrayLevelVariance,0.8300493650811879,629,3,glszm,True,False
wavelet-LLH_glszm_HighGrayLevelZoneEmphasis,0.7399421029940559,629,3,glszm,False,False
wavelet-LLH_glszm_LargeAreaEmphasis,0.841004350292847,629,3,glszm,True,False
wavelet-LLH_glszm_LargeAreaHighGrayLevelEmphasis,0.6669884649896445,629,3,glszm,False,False
wavelet-LLH_glszm_LargeAreaLowGrayLevelEmphasis,0.4133108182958116,629,3,glszm,False,False
wavelet-LLH_glszm_LowGrayLevelZoneEmphasis,0.35911936188162596,629,3,glszm,False,False
wavelet-LLH_glszm_SizeZoneNonUniformity,0.3303042777804074,629,3,glszm,False,False
wavelet-LLH_glszm_SizeZoneNonUniformityNormalized,0.7962039960451681,629,3,glszm,True,False
wavelet-LLH_glszm_SmallAreaEmphasis,0.8180070283713277,629,3,glszm,True,False
wavelet-LLH_glszm_SmallAreaHighGrayLevelEmphasis,0.7549228761126855,629,3,glszm,True,False
wavelet-LLH_glszm_SmallAreaLowGrayLevelEmphasis,0.3262552989739863,629,3,glszm,False,False
wavelet-LLH_glszm_ZoneEntropy,0.40827217488817413,629,3,glszm,False,False
wavelet-LLH_glszm_ZonePercentage,0.8265841325712149,629,3,glszm,True,False
wavelet-LLH_glszm_ZoneVariance,0.80166859751589,629,3,glszm,True,False
wavelet-LLH_ngtdm_Busyness,0.8693551983230015,629,3,ngtdm,True,False
wavelet-LLH_ngtdm_Coarseness,0.29247412676843826,629,3,ngtdm,False,False
wavelet-LLH_ngtdm_Complexity,0.7118821221451973,629,3,ngtdm,False,False
wavelet-LLH_ngtdm_Contrast,0.6228160060381143,629,3,ngtdm,False,False
wavelet-LLH_ngtdm_Strength,0.7007226300892656,629,3,ngtdm,False,False
wavelet-LHL_firstorder_10Percentile,0.6560918032204781,629,3,firstorder,False,False
wavelet-LHL_firstorder_90Percentile,0.9035367399540433,629,3,firstorder,True,True
wavelet-LHL_firstorder_Energy,0.34533361687990044,629,3,firstorder,False,False
wavelet-LHL_firstorder_Entropy,0.7068265835019555,629,3,firstorder,False,False
wavelet-LHL_firstorder_InterquartileRange,0.9231272222325347,629,3,firstorder,True,True
wavelet-LHL_firstorder_Kurtosis,0.6873995086318553,629,3,firstorder,False,False
wavelet-LHL_firstorder_Maximum,0.653487866516457,629,3,firstorder,False,False
wavelet-LHL_firstorder_MeanAbsoluteDeviation,0.8456173892597182,629,3,firstorder,True,False
wavelet-LHL_firstorder_Mean,0.617185495977942,629,3,firstorder,False,False
wavelet-LHL_firstorder_Median,0.8745809260336115,629,3,firstorder,True,False
wavelet-LHL_firstorder_Minimum,0.269993904647398,629,3,firstorder,False,False
wavelet-LHL_firstorder_Range,0.4090764475369544,629,3,firstorder,False,False
wavelet-LHL_firstorder_RobustMeanAbsoluteDeviation,0.9260318655372703,629,3,firstorder,True,True
wavelet-LHL_firstorder_RootMeanSquared,0.7903683777291668,629,3,firstorder,True,False
wavelet-LHL_firstorder_Skewness,0.1743236695401928,629,3,firstorder,False,False
wavelet-LHL_firstorder_TotalEnergy,0.34533361687990055,629,3,firstorder,False,False
wavelet-LHL_firstorder_Uniformity,0.8255352390758226,629,3,firstorder,True,False
wavelet-LHL_firstorder_Variance,0.7062942382674312,629,3,firstorder,False,False
wavelet-LHL_glcm_Autocorrelation,0.3226648122488522,629,3,glcm,False,False
wavelet-LHL_glcm_ClusterProminence,0.5856267529611159,629,3,glcm,False,False
wavelet-LHL_glcm_ClusterShade,0.3053940728619563,629,3,glcm,False,False
wavelet-LHL_glcm_ClusterTendency,0.8549269115615329,629,3,glcm,True,False
wavelet-LHL_glcm_Contrast,0.6718966752134071,629,3,glcm,False,False
wavelet-LHL_glcm_Correlation,0.3368320915415933,629,3,glcm,False,False
wavelet-LHL_glcm_DifferenceAverage,0.8224235925614451,629,3,glcm,True,False
wavelet-LHL_glcm_DifferenceEntropy,0.5667491749375319,629,3,glcm,False,False
wavelet-LHL_glcm_DifferenceVariance,0.5468146395846878,629,3,glcm,False,False
wavelet-LHL_glcm_Id,0.9309246021467352,629,3,glcm,True,True
wavelet-LHL_glcm_Idm,0.9362516693924516,629,3,glcm,True,True
wavelet-LHL_glcm_Idmn,0.5727085543806366,629,3,glcm,False,False
wavelet-LHL_glcm_Idn,0.6250316302334169,629,3,glcm,False,False
wavelet-LHL_glcm_Imc1,0.6799782826424597,629,3,glcm,False,False
wavelet-LHL_glcm_Imc2,0.8958305318763008,629,3,glcm,True,False
wavelet-LHL_glcm_InverseVariance,0.9376398512501817,629,3,glcm,True,True
wavelet-LHL_glcm_JointAverage,0.287960577167753,629,3,glcm,False,False
wavelet-LHL_glcm_JointEnergy,0.057709254867787045,629,3,glcm,False,False
wavelet-LHL_glcm_JointEntropy,0.2474505170528978,629,3,glcm,False,False
wavelet-LHL_glcm_MCC,0.6449550294249592,629,3,glcm,False,False
wavelet-LHL_glcm_MaximumProbability,0.16263640770773105,629,3,glcm,False,False
wavelet-LHL_glcm_SumAverage,0.28796057716775303,629,3,glcm,False,False
wavelet-LHL_glcm_SumEntropy,0.4717933824225521,629,3,glcm,False,False
wavelet-LHL_glcm_SumSquares,0.7938414431030405,629,3,glcm,True,False
wavelet-LHL_gldm_DependenceEntropy,0.2828089384543617,629,3,gldm,False,False
wavelet-LHL_gldm_DependenceNonUniformity,0.2986692086213822,629,3,gldm,False,False
wavelet-LHL_gldm_DependenceNonUniformityNormalized,0.9099107585503677,629,3,gldm,True,True
wavelet-LHL_gldm_DependenceVariance,0.9423580068166509,629,3,gldm,True,True
wavelet-LHL_gldm_GrayLevelNonUniformity,0.7399489138967436,629,3,gldm,False,False
wavelet-LHL_gldm_GrayLevelVariance,0.706371863918062,629,3,gldm,False,False
wavelet-LHL_gldm_HighGrayLevelEmphasis,0.3258121706870649,629,3,gldm,False,False
wavelet-LHL_gldm_LargeDependenceEmphasis,0.9572548757868657,629,3,gldm,True,True
wavelet-LHL_gldm_LargeDependenceHighGrayLevelEmphasis,0.3555064013220616,629,3,gldm,False,False
wavelet-LHL_gldm_LargeDependenceLowGrayLevelEmphasis,0.12658790174774798,629,3,gldm,False,False
wavelet-LHL_gldm_LowGrayLevelEmphasis,0.11248433700857485,629,3,gldm,False,False
wavelet-LHL_gldm_SmallDependenceEmphasis,0.9280133553855887,629,3,gldm,True,True
wavelet-LHL_gldm_SmallDependenceHighGrayLevelEmphasis,0.35592513115041924,629,3,gldm,False,False
wavelet-LHL_gldm_SmallDependenceLowGrayLevelEmphasis,0.13587353879228387,629,3,gldm,False,False
wavelet-LHL_glrlm_GrayLevelNonUniformity,0.7316811172625872,629,3,glrlm,False,False
wavelet-LHL_glrlm_GrayLevelNonUniformityNormalized,0.814455431007542,629,3,glrlm,True,False
wavelet-LHL_glrlm_GrayLevelVariance,0.7000058614962374,629,3,glrlm,False,False
wavelet-LHL_glrlm_HighGrayLevelRunEmphasis,0.3260734805340011,629,3,glrlm,False,False
wavelet-LHL_glrlm_LongRunEmphasis,0.9560969988307529,629,3,glrlm,True,True
wavelet-LHL_glrlm_LongRunHighGrayLevelEmphasis,0.3236004287988503,629,3,glrlm,False,False
wavelet-LHL_glrlm_LongRunLowGrayLevelEmphasis,0.11028615613887505,629,3,glrlm,False,False
wavelet-LHL_glrlm_LowGrayLevelRunEmphasis,0.11376710861340449,629,3,glrlm,False,False
wavelet-LHL_glrlm_RunEntropy,0.6287745530018747,629,3,glrlm,False,False
wavelet-LHL_glrlm_RunLengthNonUniformity,0.31894889006234267,629,3,glrlm,False,False
wavelet-LHL_glrlm_RunLengthNonUniformityNormalized,0.9494167002585071,629,3,glrlm,True,True
wavelet-LHL_glrlm_RunPercentage,0.9516964304470513,629,3,glrlm,True,True
wavelet-LHL_glrlm_RunVariance,0.9535596299026475,629,3,glrlm,True,True
wavelet-LHL_glrlm_ShortRunEmphasis,0.9529459837121262,629,3,glrlm,True,True
wavelet-LHL_glrlm_ShortRunHighGrayLevelEmphasis,0.3268880684516713,629,3,glrlm,False,False
wavelet-LHL_glrlm_ShortRunLowGrayLevelEmphasis,0.11453654000410063,629,3,glrlm,False,False
wavelet-LHL_glszm_GrayLevelNonUniformity,0.6342364057982709,629,3,glszm,False,False
wavelet-LHL_glszm_GrayLevelNonUniformityNormalized,0.6617193123996815,629,3,glszm,False,False
wavelet-LHL_glszm_GrayLevelVariance,0.6243655577438952,629,3,glszm,False,False
wavelet-LHL_glszm_HighGrayLevelZoneEmphasis,0.3296066235108541,629,3,glszm,False,False
wavelet-LHL_glszm_LargeAreaEmphasis,0.9083264152047242,629,3,glszm,True,True
wavelet-LHL_glszm_LargeAreaHighGrayLevelEmphasis,0.4129800499681743,629,3,glszm,False,False
wavelet-LHL_glszm_LargeAreaLowGrayLevelEmphasis,0.37179464629450415,629,3,glszm,False,False
wavelet-LHL_glszm_LowGrayLevelZoneEmphasis,0.13470394832436147,629,3,glszm,False,False
wavelet-LHL_glszm_SizeZoneNonUniformity,0.2974598108181974,629,3,glszm,False,False
wavelet-LHL_glszm_SizeZoneNonUniformityNormalized,0.8831550258545142,629,3,glszm,True,False
wavelet-LHL_glszm_SmallAreaEmphasis,0.8896651240545119,629,3,glszm,True,False
wavelet-LHL_glszm_SmallAreaHighGrayLevelEmphasis,0.34035676790882297,629,3,glszm,False,False
wavelet-LHL_glszm_SmallAreaLowGrayLevelEmphasis,0.1323782624522456,629,3,glszm,False,False
wavelet-LHL_glszm_ZoneEntropy,0.29591534742999587,629,3,glszm,False,False
wavelet-LHL_glszm_ZonePercentage,0.936952818811282,629,3,glszm,True,True
wavelet-LHL_glszm_ZoneVariance,0.8775159215562445,629,3,glszm,True,False
wavelet-LHL_ngtdm_Busyness,0.4160842221676756,629,3,ngtdm,False,False
wavelet-LHL_ngtdm_Coarseness,0.31079053276073537,629,3,ngtdm,False,False
wavelet-LHL_ngtdm_Complexity,0.4047912231836707,629,3,ngtdm,False,False
wavelet-LHL_ngtdm_Contrast,0.8084418902952438,629,3,ngtdm,True,False
wavelet-LHL_ngtdm_Strength,0.8267525162349761,629,3,ngtdm,True,False
wavelet-LHH_firstorder_10Percentile,0.9262180868145521,629,3,firstorder,True,True
wavelet-LHH_firstorder_90Percentile,0.9223847429075954,629,3,firstorder,True,True
wavelet-LHH_firstorder_Energy,0.6279561937827091,629,3,firstorder,False,False
wavelet-LHH_firstorder_Entropy,0.943788990012792,629,3,firstorder,True,True
wavelet-LHH_firstorder_InterquartileRange,0.9229612133637982,629,3,firstorder,True,True
wavelet-LHH_firstorder_Kurtosis,0.6868335598506963,629,3,firstorder,False,False
wavelet-LHH_firstorder_Maximum,0.7037158456860525,629,3,firstorder,False,False
wavelet-LHH_firstorder_MeanAbsoluteDeviation,0.9598444273021318,629,3,firstorder,True,True
wavelet-LHH_firstorder_Mean,0.3188558351427472,629,3,firstorder,False,False
wavelet-LHH_firstorder_Median,0.433704524087115,629,3,firstorder,False,False
wavelet-LHH_firstorder_Minimum,0.5982145897988466,629,3,firstorder,False,False
wavelet-LHH_firstorder_Range,0.7132211294312466,629,3,firstorder,False,False
wavelet-LHH_firstorder_RobustMeanAbsoluteDeviation,0.9379216104673096,629,3,firstorder,True,True
wavelet-LHH_firstorder_RootMeanSquared,0.958087556142634,629,3,firstorder,True,True
wavelet-LHH_firstorder_Skewness,0.3568219535727999,629,3,firstorder,False,False
wavelet-LHH_firstorder_TotalEnergy,0.6279561937827092,629,3,firstorder,False,False
wavelet-LHH_firstorder_Uniformity,0.9652990883532285,629,3,firstorder,True,True
wavelet-LHH_firstorder_Variance,0.9529164852134018,629,3,firstorder,True,True
wavelet-LHH_glcm_Autocorrelation,0.5116814865722901,629,3,glcm,False,False
wavelet-LHH_glcm_ClusterProminence,0.8984249353497197,629,3,glcm,True,False
wavelet-LHH_glcm_ClusterShade,0.6372503628630435,629,3,glcm,False,False
wavelet-LHH_glcm_ClusterTendency,0.9604640216959861,629,3,glcm,True,True
wavelet-LHH_glcm_Contrast,0.9390417972743544,629,3,glcm,True,True
wavelet-LHH_glcm_Correlation,0.2760595636722214,629,3,glcm,False,False
wavelet-LHH_glcm_DifferenceAverage,0.9541781960234375,629,3,glcm,True,True
wavelet-LHH_glcm_DifferenceEntropy,0.784221910353362,629,3,glcm,True,False
wavelet-LHH_glcm_DifferenceVariance,0.9309238250026899,629,3,glcm,True,True
wavelet-LHH_glcm_Id,0.9689001235708438,629,3,glcm,True,True
wavelet-LHH_glcm_Idm,0.969287213759586,629,3,glcm,True,True
wavelet-LHH_glcm_Idmn,0.5302223024692865,629,3,glcm,False,False
wavelet-LHH_glcm_Idn,0.5945507752206222,629,3,glcm,False,False
wavelet-LHH_glcm_Imc1,0.5992955141768029,629,3,glcm,False,False
wavelet-LHH_glcm_Imc2,0.8208831514081266,629,3,glcm,True,False
wavelet-LHH_glcm_InverseVariance,0.966063395232689,629,3,glcm,True,True
wavelet-LHH_glcm_JointAverage,0.596694310956232,629,3,glcm,False,False
wavelet-LHH_glcm_JointEnergy,0.06224487371172684,629,3,glcm,False,False
wavelet-LHH_glcm_JointEntropy,0.2955740051099587,629,3,glcm,False,False
wavelet-LHH_glcm_MCC,0.5483421953747402,629,3,glcm,False,False
wavelet-LHH_glcm_MaximumProbability,0.1804487134560817,629,3,glcm,False,False
wavelet-LHH_glcm_SumAverage,0.5966943109562322,629,3,glcm,False,False
wavelet-LHH_glcm_SumEntropy,0.6367253471249679,629,3,glcm,False,False
wavelet-LHH_glcm_SumSquares,0.9540019102326395,629,3,glcm,True,True
wavelet-LHH_gldm_DependenceEntropy,0.4552318642188074,629,3,gldm,False,False
wavelet-LHH_gldm_DependenceNonUniformity,0.3778252091127654,629,3,gldm,False,False
wavelet-LHH_gldm_DependenceNonUniformityNormalized,0.8401504368844994,629,3,gldm,True,False
wavelet-LHH_gldm_DependenceVariance,0.8947058467451415,629,3,gldm,True,False
wavelet-LHH_gldm_GrayLevelNonUniformity,0.6250983262871951,629,3,gldm,False,False
wavelet-LHH_gldm_GrayLevelVariance,0.952941946313609,629,3,gldm,True,True
wavelet-LHH_gldm_HighGrayLevelEmphasis,0.5532135774892328,629,3,gldm,False,False
wavelet-LHH_gldm_LargeDependenceEmphasis,0.9121355235864331,629,3,gldm,True,True
wavelet-LHH_gldm_LargeDependenceHighGrayLevelEmphasis,0.42219433203811596,629,3,gldm,False,False
wavelet-LHH_gldm_LargeDependenceLowGrayLevelEmphasis,0.5586745502369882,629,3,gldm,False,False
wavelet-LHH_gldm_LowGrayLevelEmphasis,0.32918083667583087,629,3,gldm,False,False
wavelet-LHH_gldm_SmallDependenceEmphasis,0.8785049774000369,629,3,gldm,True,False
wavelet-LHH_gldm_SmallDependenceHighGrayLevelEmphasis,0.6393899436988774,629,3,gldm,False,False
wavelet-LHH_gldm_SmallDependenceLowGrayLevelEmphasis,0.303612931247882,629,3,gldm,False,False
wavelet-LHH_glrlm_GrayLevelNonUniformity,0.6134406719156971,629,3,glrlm,False,False
wavelet-LHH_glrlm_GrayLevelNonUniformityNormalized,0.9629340645332303,629,3,glrlm,True,True
wavelet-LHH_glrlm_GrayLevelVariance,0.9527273216665346,629,3,glrlm,True,True
wavelet-LHH_glrlm_HighGrayLevelRunEmphasis,0.5532174133989346,629,3,glrlm,False,False
wavelet-LHH_glrlm_LongRunEmphasis,0.9160371517339163,629,3,glrlm,True,True
wavelet-LHH_glrlm_LongRunHighGrayLevelEmphasis,0.5374526721301299,629,3,glrlm,False,False
wavelet-LHH_glrlm_LongRunLowGrayLevelEmphasis,0.34810194590256044,629,3,glrlm,False,False
wavelet-LHH_glrlm_LowGrayLevelRunEmphasis,0.33315276010597317,629,3,glrlm,False,False
wavelet-LHH_glrlm_RunEntropy,0.9116472578963113,629,3,glrlm,True,True
wavelet-LHH_glrlm_RunLengthNonUniformity,0.3264914365827736,629,3,glrlm,False,False
wavelet-LHH_glrlm_RunLengthNonUniformityNormalized,0.8985005151369035,629,3,glrlm,True,False
wavelet-LHH_glrlm_RunPercentage,0.9040436319934704,629,3,glrlm,True,True
wavelet-LHH_glrlm_RunVariance,0.9166509088329536,629,3,glrlm,True,True
wavelet-LHH_glrlm_ShortRunEmphasis,0.9056223907847736,629,3,glrlm,True,True
wavelet-LHH_glrlm_ShortRunHighGrayLevelEmphasis,0.5571871000427923,629,3,glrlm,False,False
wavelet-LHH_glrlm_ShortRunLowGrayLevelEmphasis,0.33000522993328135,629,3,glrlm,False,False
wavelet-LHH_glszm_GrayLevelNonUniformity,0.49795892152230303,629,3,glszm,False,False
wavelet-LHH_glszm_GrayLevelNonUniformityNormalized,0.9166310509283236,629,3,glszm,True,True
wavelet-LHH_glszm_GrayLevelVariance,0.9447383313308305,629,3,glszm,True,True
wavelet-LHH_glszm_HighGrayLevelZoneEmphasis,0.5530115999012448,629,3,glszm,False,False
wavelet-LHH_glszm_LargeAreaEmphasis,0.7665901929236888,629,3,glszm,True,False
wavelet-LHH_glszm_LargeAreaHighGrayLevelEmphasis,0.4289913333835533,629,3,glszm,False,False
wavelet-LHH_glszm_LargeAreaLowGrayLevelEmphasis,0.8163360992379755,629,3,glszm,True,False
wavelet-LHH_glszm_LowGrayLevelZoneEmphasis,0.408732070142564,629,3,glszm,False,False
wavelet-LHH_glszm_SizeZoneNonUniformity,0.3928083984998373,629,3,glszm,False,False
wavelet-LHH_glszm_SizeZoneNonUniformityNormalized,0.8511536178725458,629,3,glszm,True,False
wavelet-LHH_glszm_SmallAreaEmphasis,0.8660805604042504,629,3,glszm,True,False
wavelet-LHH_glszm_SmallAreaHighGrayLevelEmphasis,0.5898272355007156,629,3,glszm,False,False
wavelet-LHH_glszm_SmallAreaLowGrayLevelEmphasis,0.39441219329069616,629,3,glszm,False,False
wavelet-LHH_glszm_ZoneEntropy,0.5150114019548502,629,3,glszm,False,False
wavelet-LHH_glszm_ZonePercentage,0.8858937412974422,629,3,glszm,True,False
wavelet-LHH_glszm_ZoneVariance,0.7153039859750772,629,3,glszm,False,False
wavelet-LHH_ngtdm_Busyness,0.8673143580152045,629,3,ngtdm,True,False
wavelet-LHH_ngtdm_Coarseness,0.27405747877612685,629,3,ngtdm,False,False
wavelet-LHH_ngtdm_Complexity,0.8644616972652556,629,3,ngtdm,True,False
wavelet-LHH_ngtdm_Contrast,0.6193258140138326,629,3,ngtdm,False,False
wavelet-LHH_ngtdm_Strength,0.8181178521086258,629,3,ngtdm,True,False
wavelet-HLL_firstorder_10Percentile,0.8166715437727352,629,3,firstorder,True,False
wavelet-HLL_firstorder_90Percentile,0.8585167598803214,629,3,firstorder,True,False
wavelet-HLL_firstorder_Energy,0.40442070417986276,629,3,firstorder,False,False
wavelet-HLL_firstorder_Entropy,0.6998138634141791,629,3,firstorder,False,False
wavelet-HLL_firstorder_InterquartileRange,0.881260461819367,629,3,firstorder,True,False
wavelet-HLL_firstorder_Kurtosis,0.46037164928602436,629,3,firstorder,False,False
wavelet-HLL_firstorder_Maximum,0.6954440802305679,629,3,firstorder,False,False
wavelet-HLL_firstorder_MeanAbsoluteDeviation,0.7818484899120351,629,3,firstorder,True,False
wavelet-HLL_firstorder_Mean,0.8535154550851412,629,3,firstorder,True,False
wavelet-HLL_firstorder_Median,0.7454057523474968,629,3,firstorder,False,False
wavelet-HLL_firstorder_Minimum,0.3777496177687844,629,3,firstorder,False,False
wavelet-HLL_firstorder_Range,0.46445701693846414,629,3,firstorder,False,False
wavelet-HLL_firstorder_RobustMeanAbsoluteDeviation,0.8814990736540073,629,3,firstorder,True,False
wavelet-HLL_firstorder_RootMeanSquared,0.7137669608718845,629,3,firstorder,False,False
wavelet-HLL_firstorder_Skewness,0.5616379768784335,629,3,firstorder,False,False
wavelet-HLL_firstorder_TotalEnergy,0.4044207041798626,629,3,firstorder,False,False
wavelet-HLL_firstorder_Uniformity,0.8250420314731065,629,3,firstorder,True,False
wavelet-HLL_firstorder_Variance,0.7152640455285856,629,3,firstorder,False,False
wavelet-HLL_glcm_Autocorrelation,0.40763588683425545,629,3,glcm,False,False
wavelet-HLL_glcm_ClusterProminence,0.689961033929453,629,3,glcm,False,False
wavelet-HLL_glcm_ClusterShade,0.6117032610786461,629,3,glcm,False,False
wavelet-HLL_glcm_ClusterTendency,0.7611436489444802,629,3,glcm,True,False
wavelet-HLL_glcm_Contrast,0.6752338371384459,629,3,glcm,False,False
wavelet-HLL_glcm_Correlation,0.7308779168782893,629,3,glcm,False,False
wavelet-HLL_glcm_DifferenceAverage,0.6989314453182728,629,3,glcm,False,False
wavelet-HLL_glcm_DifferenceEntropy,0.5452341753882998,629,3,glcm,False,False
wavelet-HLL_glcm_DifferenceVariance,0.6926934943920066,629,3,glcm,False,False
wavelet-HLL_glcm_Id,0.8522713203012792,629,3,glcm,True,False
wavelet-HLL_glcm_Idm,0.8697828339966254,629,3,glcm,True,False
wavelet-HLL_glcm_Idmn,0.3345159033091954,629,3,glcm,False,False
wavelet-HLL_glcm_Idn,0.46846429779100135,629,3,glcm,False,False
wavelet-HLL_glcm_Imc1,0.5557680905291486,629,3,glcm,False,False
wavelet-HLL_glcm_Imc2,0.8713006337374039,629,3,glcm,True,False
wavelet-HLL_glcm_InverseVariance,0.8527408133039645,629,3,glcm,True,False
wavelet-HLL_glcm_JointAverage,0.3746074709400262,629,3,glcm,False,False
wavelet-HLL_glcm_JointEnergy,0.2256103467147589,629,3,glcm,False,False
wavelet-HLL_glcm_JointEntropy,0.37936286050433554,629,3,glcm,False,False
wavelet-HLL_glcm_MCC,0.6657727605887666,629,3,glcm,False,False
wavelet-HLL_glcm_MaximumProbability,0.5222472714770658,629,3,glcm,False,False
wavelet-HLL_glcm_SumAverage,0.3746074709400262,629,3,glcm,False,False
wavelet-HLL_glcm_SumEntropy,0.5367435767168758,629,3,glcm,False,False
wavelet-HLL_glcm_SumSquares,0.7146315412247434,629,3,glcm,False,False
wavelet-HLL_gldm_DependenceEntropy,0.27320669661054436,629,3,gldm,False,False
wavelet-HLL_gldm_DependenceNonUniformity,0.3305313171013284,629,3,gldm,False,False
wavelet-HLL_gldm_DependenceNonUniformityNormalized,0.8467578765036817,629,3,gldm,True,False
wavelet-HLL_gldm_DependenceVariance,0.9168537267850394,629,3,gldm,True,True
wavelet-HLL_gldm_GrayLevelNonUniformity,0.6672236535863192,629,3,gldm,False,False
wavelet-HLL_gldm_GrayLevelVariance,0.7152651399667336,629,3,gldm,False,False
wavelet-HLL_gldm_HighGrayLevelEmphasis,0.4112715431970648,629,3,gldm,False,False
wavelet-HLL_gldm_LargeDependenceEmphasis,0.9420641427106667,629,3,gldm,True,True
wavelet-HLL_gldm_LargeDependenceHighGrayLevelEmphasis,0.4558113575080133,629,3,gldm,False,False
wavelet-HLL_gldm_LargeDependenceLowGrayLevelEmphasis,0.3501342678133505,629,3,gldm,False,False
wavelet-HLL_gldm_LowGrayLevelEmphasis,0.13611458451567024,629,3,gldm,False,False
wavelet-HLL_gldm_SmallDependenceEmphasis,0.8727728624558541,629,3,gldm,True,False
wavelet-HLL_gldm_SmallDependenceHighGrayLevelEmphasis,0.44274017808373195,629,3,gldm,False,False
wavelet-HLL_gldm_SmallDependenceLowGrayLevelEmphasis,0.1393820418039982,629,3,gldm,False,False
wavelet-HLL_glrlm_GrayLevelNonUniformity,0.6450270962624817,629,3,glrlm,False,False
wavelet-HLL_glrlm_GrayLevelNonUniformityNormalized,0.7949794457872151,629,3,glrlm,True,False
wavelet-HLL_glrlm_GrayLevelVariance,0.7110008806062368,629,3,glrlm,False,False
wavelet-HLL_glrlm_HighGrayLevelRunEmphasis,0.4115236218481868,629,3,glrlm,False,False
wavelet-HLL_glrlm_LongRunEmphasis,0.9478929883038618,629,3,glrlm,True,True
wavelet-HLL_glrlm_LongRunHighGrayLevelEmphasis,0.41099521939512335,629,3,glrlm,False,False
wavelet-HLL_glrlm_LongRunLowGrayLevelEmphasis,0.1533788143854679,629,3,glrlm,False,False
wavelet-HLL_glrlm_LowGrayLevelRunEmphasis,0.13784618572414567,629,3,glrlm,False,False
wavelet-HLL_glrlm_RunEntropy,0.5417134726000766,629,3,glrlm,False,False
wavelet-HLL_glrlm_RunLengthNonUniformity,0.31631308408201453,629,3,glrlm,False,False
wavelet-HLL_glrlm_RunLengthNonUniformityNormalized,0.9318227411946929,629,3,glrlm,True,True
wavelet-HLL_glrlm_RunPercentage,0.9376753239068821,629,3,glrlm,True,True
wavelet-HLL_glrlm_RunVariance,0.9431204094407689,629,3,glrlm,True,True
wavelet-HLL_glrlm_ShortRunEmphasis,0.9402008635431438,629,3,glrlm,True,True
wavelet-HLL_glrlm_ShortRunHighGrayLevelEmphasis,0.4120955248431058,629,3,glrlm,False,False
wavelet-HLL_glrlm_ShortRunLowGrayLevelEmphasis,0.13565990782114376,629,3,glrlm,False,False
wavelet-HLL_glszm_GrayLevelNonUniformity,0.5084335463355172,629,3,glszm,False,False
wavelet-HLL_glszm_GrayLevelNonUniformityNormalized,0.4901043935560894,629,3,glszm,False,False
wavelet-HLL_glszm_GrayLevelVariance,0.6852485233259954,629,3,glszm,False,False
wavelet-HLL_glszm_HighGrayLevelZoneEmphasis,0.4155462716958394,629,3,glszm,False,False
wavelet-HLL_glszm_LargeAreaEmphasis,0.7968384354817588,629,3,glszm,True,False
wavelet-HLL_glszm_LargeAreaHighGrayLevelEmphasis,0.5856489871974279,629,3,glszm,False,False
wavelet-HLL_glszm_LargeAreaLowGrayLevelEmphasis,0.6858769370468069,629,3,glszm,False,False
wavelet-HLL_glszm_LowGrayLevelZoneEmphasis,0.1762074771181229,629,3,glszm,False,False
wavelet-HLL_glszm_SizeZoneNonUniformity,0.3147286789702568,629,3,glszm,False,False
wavelet-HLL_glszm_SizeZoneNonUniformityNormalized,0.6839239309896834,629,3,glszm,False,False
wavelet-HLL_glszm_SmallAreaEmphasis,0.6831516749079087,629,3,glszm,False,False
wavelet-HLL_glszm_SmallAreaHighGrayLevelEmphasis,0.4280921527319011,629,3,glszm,False,False
wavelet-HLL_glszm_SmallAreaLowGrayLevelEmphasis,0.17742967961839112,629,3,glszm,False,False
wavelet-HLL_glszm_ZoneEntropy,0.2979298853333407,629,3,glszm,False,False
wavelet-HLL_glszm_ZonePercentage,0.8848267702421517,629,3,glszm,True,False
wavelet-HLL_glszm_ZoneVariance,0.7773821935887137,629,3,glszm,True,False
wavelet-HLL_ngtdm_Busyness,0.40868312259646317,629,3,ngtdm,False,False
wavelet-HLL_ngtdm_Coarseness,0.29126977216279865,629,3,ngtdm,False,False
wavelet-HLL_ngtdm_Complexity,0.4872940256872021,629,3,ngtdm,False,False
wavelet-HLL_ngtdm_Contrast,0.6694809717771246,629,3,ngtdm,False,False
wavelet-HLL_ngtdm_Strength,0.7855408762107626,629,3,ngtdm,True,False
wavelet-HLH_firstorder_10Percentile,0.8987522738927157,629,3,firstorder,True,False
wavelet-HLH_firstorder_90Percentile,0.8683374110112639,629,3,firstorder,True,False
wavelet-HLH_firstorder_Energy,0.48943907937307585,629,3,firstorder,False,False
wavelet-HLH_firstorder_Entropy,0.9219533128744702,629,3,firstorder,True,True
wavelet-HLH_firstorder_InterquartileRange,0.9345093944059755,629,3,firstorder,True,True
wavelet-HLH_firstorder_Kurtosis,0.7401482987024017,629,3,firstorder,False,False
wavelet-HLH_firstorder_Maximum,0.6378046862203802,629,3,firstorder,False,False
wavelet-HLH_firstorder_MeanAbsoluteDeviation,0.9369045900293546,629,3,firstorder,True,True
wavelet-HLH_firstorder_Mean,0.29808910273388206,629,3,firstorder,False,False
wavelet-HLH_firstorder_Median,0.35396747802740647,629,3,firstorder,False,False
wavelet-HLH_firstorder_Minimum,0.657076734192774,629,3,firstorder,False,False
wavelet-HLH_firstorder_Range,0.6962422171582557,629,3,firstorder,False,False
wavelet-HLH_firstorder_RobustMeanAbsoluteDeviation,0.9418374412604401,629,3,firstorder,True,True
wavelet-HLH_firstorder_RootMeanSquared,0.9167945045580442,629,3,firstorder,True,True
wavelet-HLH_firstorder_Skewness,0.5194928483388975,629,3,firstorder,False,False
wavelet-HLH_firstorder_TotalEnergy,0.4894390793730756,629,3,firstorder,False,False
wavelet-HLH_firstorder_Uniformity,0.9627946795217465,629,3,firstorder,True,True
wavelet-HLH_firstorder_Variance,0.9062237959079327,629,3,firstorder,True,True
wavelet-HLH_glcm_Autocorrelation,0.6333583303273846,629,3,glcm,False,False
wavelet-HLH_glcm_ClusterProminence,0.812975166127923,629,3,glcm,True,False
wavelet-HLH_glcm_ClusterShade,0.7042953430577374,629,3,glcm,False,False
wavelet-HLH_glcm_ClusterTendency,0.8724668619712205,629,3,glcm,True,False
wavelet-HLH_glcm_Contrast,0.8711278415740628,629,3,glcm,True,False
wavelet-HLH_glcm_Correlation,0.42592072237645606,629,3,glcm,False,False
wavelet-HLH_glcm_DifferenceAverage,0.9108640336085863,629,3,glcm,True,True
wavelet-HLH_glcm_DifferenceEntropy,0.763028930896079,629,3,glcm,True,False
wavelet-HLH_glcm_DifferenceVariance,0.8190226765098277,629,3,glcm,True,False
wavelet-HLH_glcm_Id,0.9487799538834778,629,3,glcm,True,True
wavelet-HLH_glcm_Idm,0.9532436375286615,629,3,glcm,True,True
wavelet-HLH_glcm_Idmn,0.6205797242889765,629,3,glcm,False,False
wavelet-HLH_glcm_Idn,0.6743357921462272,629,3,glcm,False,False
wavelet-HLH_glcm_Imc1,0.46856334185904414,629,3,glcm,False,False
wavelet-HLH_glcm_Imc2,0.739462883109893,629,3,glcm,False,False
wavelet-HLH_glcm_InverseVariance,0.946375346541251,629,3,glcm,True,True
wavelet-HLH_glcm_JointAverage,0.6510132475510627,629,3,glcm,False,False
wavelet-HLH_glcm_JointEnergy,0.3730010313234199,629,3,glcm,False,False
wavelet-HLH_glcm_JointEntropy,0.49648361790617923,629,3,glcm,False,False
wavelet-HLH_glcm_MCC,0.6171023381468539,629,3,glcm,False,False
wavelet-HLH_glcm_MaximumProbability,0.6699810765186638,629,3,glcm,False,False
wavelet-HLH_glcm_SumAverage,0.6510132475510628,629,3,glcm,False,False
wavelet-HLH_glcm_SumEntropy,0.6599185217092708,629,3,glcm,False,False
wavelet-HLH_glcm_SumSquares,0.8754956896026029,629,3,glcm,True,False
wavelet-HLH_gldm_DependenceEntropy,0.3384988088732355,629,3,gldm,False,False
wavelet-HLH_gldm_DependenceNonUniformity,0.405973352528599,629,3,gldm,False,False
wavelet-HLH_gldm_DependenceNonUniformityNormalized,0.7858720677459924,629,3,gldm,True,False
wavelet-HLH_gldm_DependenceVariance,0.8827633412144067,629,3,gldm,True,False
wavelet-HLH_gldm_GrayLevelNonUniformity,0.5728381349621333,629,3,gldm,False,False
wavelet-HLH_gldm_GrayLevelVariance,0.9061561268948616,629,3,gldm,True,True
wavelet-HLH_gldm_HighGrayLevelEmphasis,0.6412624730364808,629,3,gldm,False,False
wavelet-HLH_gldm_LargeDependenceEmphasis,0.906966958122606,629,3,gldm,True,True
wavelet-HLH_gldm_LargeDependenceHighGrayLevelEmphasis,0.5709045064395722,629,3,gldm,False,False
wavelet-HLH_gldm_LargeDependenceLowGrayLevelEmphasis,0.9041716278429799,629,3,gldm,True,True
wavelet-HLH_gldm_LowGrayLevelEmphasis,0.4374573016670151,629,3,gldm,False,False
wavelet-HLH_gldm_SmallDependenceEmphasis,0.8310407414926643,629,3,gldm,True,False
wavelet-HLH_gldm_SmallDependenceHighGrayLevelEmphasis,0.7243434410828746,629,3,gldm,False,False
wavelet-HLH_gldm_SmallDependenceLowGrayLevelEmphasis,0.30615705619647887,629,3,gldm,False,False
wavelet-HLH_glrlm_GrayLevelNonUniformity,0.5401931913048791,629,3,glrlm,False,False
wavelet-HLH_glrlm_GrayLevelNonUniformityNormalized,0.9552420176299162,629,3,glrlm,True,True
wavelet-HLH_glrlm_GrayLevelVariance,0.9013619255204314,629,3,glrlm,True,True
wavelet-HLH_glrlm_HighGrayLevelRunEmphasis,0.6412237132848443,629,3,glrlm,False,False
wavelet-HLH_glrlm_LongRunEmphasis,0.9201279525309548,629,3,glrlm,True,True
wavelet-HLH_glrlm_LongRunHighGrayLevelEmphasis,0.6225471560178162,629,3,glrlm,False,False
wavelet-HLH_glrlm_LongRunLowGrayLevelEmphasis,0.5449570353029154,629,3,glrlm,False,False
wavelet-HLH_glrlm_LowGrayLevelRunEmphasis,0.4413995762318029,629,3,glrlm,False,False
wavelet-HLH_glrlm_RunEntropy,0.8138963278543555,629,3,glrlm,True,False
wavelet-HLH_glrlm_RunLengthNonUniformity,0.33219155020574814,629,3,glrlm,False,False
wavelet-HLH_glrlm_RunLengthNonUniformityNormalized,0.8886107259368965,629,3,glrlm,True,False
wavelet-HLH_glrlm_RunPercentage,0.8975770683032989,629,3,glrlm,True,False
wavelet-HLH_glrlm_RunVariance,0.9157565208634193,629,3,glrlm,True,True
wavelet-HLH_glrlm_ShortRunEmphasis,0.9045531959291989,629,3,glrlm,True,True
wavelet-HLH_glrlm_ShortRunHighGrayLevelEmphasis,0.6459514665277742,629,3,glrlm,False,False
wavelet-HLH_glrlm_ShortRunLowGrayLevelEmphasis,0.42171668364189496,629,3,glrlm,False,False
wavelet-HLH_glszm_GrayLevelNonUniformity,0.402668534988356,629,3,glszm,False,False
wavelet-HLH_glszm_GrayLevelNonUniformityNormalized,0.8401859718994703,629,3,glszm,True,False
wavelet-HLH_glszm_GrayLevelVariance,0.8139541981986121,629,3,glszm,True,False
wavelet-HLH_glszm_HighGrayLevelZoneEmphasis,0.6398762768248377,629,3,glszm,False,False
wavelet-HLH_glszm_LargeAreaEmphasis,0.8062074433496602,629,3,glszm,True,False
wavelet-HLH_glszm_LargeAreaHighGrayLevelEmphasis,0.548653485837291,629,3,glszm,False,False
wavelet-HLH_glszm_LargeAreaLowGrayLevelEmphasis,0.9151017567151374,629,3,glszm,True,True
wavelet-HLH_glszm_LowGrayLevelZoneEmphasis,0.5272776174868822,629,3,glszm,False,False
wavelet-HLH_glszm_SizeZoneNonUniformity,0.4460309752825293,629,3,glszm,False,False
wavelet-HLH_glszm_SizeZoneNonUniformityNormalized,0.7348771812127979,629,3,glszm,False,False
wavelet-HLH_glszm_SmallAreaEmphasis,0.7441776154123662,629,3,glszm,False,False
wavelet-HLH_glszm_SmallAreaHighGrayLevelEmphasis,0.6599970153076261,629,3,glszm,False,False
wavelet-HLH_glszm_SmallAreaLowGrayLevelEmphasis,0.515992659014463,629,3,glszm,False,False
wavelet-HLH_glszm_ZoneEntropy,0.46305386276331656,629,3,glszm,False,False
wavelet-HLH_glszm_ZonePercentage,0.829073078834898,629,3,glszm,True,False
wavelet-HLH_glszm_ZoneVariance,0.7949116615892706,629,3,glszm,True,False
wavelet-HLH_ngtdm_Busyness,0.8771034811660454,629,3,ngtdm,True,False
wavelet-HLH_ngtdm_Coarseness,0.281386840297026,629,3,ngtdm,False,False
wavelet-HLH_ngtdm_Complexity,0.7082489035121516,629,3,ngtdm,False,False
wavelet-HLH_ngtdm_Contrast,0.7031152031114446,629,3,ngtdm,False,False
wavelet-HLH_ngtdm_Strength,0.7886673891851663,629,3,ngtdm,True,False
wavelet-HHL_firstorder_10Percentile,0.824575338213736,629,3,firstorder,True,False
wavelet-HHL_firstorder_90Percentile,0.7267392004055955,629,3,firstorder,False,False
wavelet-HHL_firstorder_Energy,0.2810039902974519,629,3,firstorder,False,False
wavelet-HHL_firstorder_Entropy,0.7573834110858296,629,3,firstorder,True,False
wavelet-HHL_firstorder_InterquartileRange,0.9082221091253855,629,3,firstorder,True,True
wavelet-HHL_firstorder_Kurtosis,0.5460193523815822,629,3,firstorder,False,False
wavelet-HHL_firstorder_Maximum,0.4300267872532144,629,3,firstorder,False,False
wavelet-HHL_firstorder_MeanAbsoluteDeviation,0.7677273402069542,629,3,firstorder,True,False
wavelet-HHL_firstorder_Mean,0.12387631793154336,629,3,firstorder,False,False
wavelet-HHL_firstorder_Median,0.5363391278769367,629,3,firstorder,False,False
wavelet-HHL_firstorder_Minimum,0.44167403260993493,629,3,firstorder,False,False
wavelet-HHL_firstorder_Range,0.4400874336159087,629,3,firstorder,False,False
wavelet-HHL_firstorder_RobustMeanAbsoluteDeviation,0.8930914439913273,629,3,firstorder,True,False
wavelet-HHL_firstorder_RootMeanSquared,0.6654455461353465,629,3,firstorder,False,False
wavelet-HHL_firstorder_Skewness,0.4275376415851828,629,3,firstorder,False,False
wavelet-HHL_firstorder_TotalEnergy,0.28100399029745193,629,3,firstorder,False,False
wavelet-HHL_firstorder_Uniformity,0.89375965918097,629,3,firstorder,True,False
wavelet-HHL_firstorder_Variance,0.6450120640557673,629,3,firstorder,False,False
wavelet-HHL_glcm_Autocorrelation,0.41096694524172445,629,3,glcm,False,False
wavelet-HHL_glcm_ClusterProminence,0.558478565492441,629,3,glcm,False,False
wavelet-HHL_glcm_ClusterShade,0.4038026830565848,629,3,glcm,False,False
wavelet-HHL_glcm_ClusterTendency,0.6729710371099238,629,3,glcm,False,False
wavelet-HHL_glcm_Contrast,0.6738053069088213,629,3,glcm,False,False
wavelet-HHL_glcm_Correlation,0.42785363622180406,629,3,glcm,False,False
wavelet-HHL_glcm_DifferenceAverage,0.7961173510207861,629,3,glcm,True,False
wavelet-HHL_glcm_DifferenceEntropy,0.6771014178866519,629,3,glcm,False,False
wavelet-HHL_glcm_DifferenceVariance,0.6162424981120447,629,3,glcm,False,False
wavelet-HHL_glcm_Id,0.9246772632945235,629,3,glcm,True,True
wavelet-HHL_glcm_Idm,0.9359653972208971,629,3,glcm,True,True
wavelet-HHL_glcm_Idmn,0.39384116933561825,629,3,glcm,False,False
wavelet-HHL_glcm_Idn,0.51091160118659,629,3,glcm,False,False
wavelet-HHL_glcm_Imc1,0.5381875614610381,629,3,glcm,False,False
wavelet-HHL_glcm_Imc2,0.8910708948193814,629,3,glcm,True,False
wavelet-HHL_glcm_InverseVariance,0.9218114459251203,629,3,glcm,True,True
wavelet-HHL_glcm_JointAverage,0.43899565978745114,629,3,glcm,False,False
wavelet-HHL_glcm_JointEnergy,0.5181454316750898,629,3,glcm,False,False
wavelet-HHL_glcm_JointEntropy,0.5232613728342446,629,3,glcm,False,False
wavelet-HHL_glcm_MCC,0.590478581095478,629,3,glcm,False,False
wavelet-HHL_glcm_MaximumProbability,0.7602509034015439,629,3,glcm,True,False
wavelet-HHL_glcm_SumAverage,0.438995659787451,629,3,glcm,False,False
wavelet-HHL_glcm_SumEntropy,0.6079511421420273,629,3,glcm,False,False
wavelet-HHL_glcm_SumSquares,0.6745166633322109,629,3,glcm,False,False
wavelet-HHL_gldm_DependenceEntropy,0.24693604974523198,629,3,gldm,False,False
wavelet-HHL_gldm_DependenceNonUniformity,0.3725844256187574,629,3,gldm,False,False
wavelet-HHL_gldm_DependenceNonUniformityNormalized,0.8133689802854973,629,3,gldm,True,False
wavelet-HHL_gldm_DependenceVariance,0.9100420861766267,629,3,gldm,True,True
wavelet-HHL_gldm_GrayLevelNonUniformity,0.6737115502830107,629,3,gldm,False,False
wavelet-HHL_gldm_GrayLevelVariance,0.6450187407381315,629,3,gldm,False,False
wavelet-HHL_gldm_HighGrayLevelEmphasis,0.4129354424813928,629,3,gldm,False,False
wavelet-HHL_gldm_LargeDependenceEmphasis,0.9414530110470534,629,3,gldm,True,True
wavelet-HHL_gldm_LargeDependenceHighGrayLevelEmphasis,0.4624089784526903,629,3,gldm,False,False
wavelet-HHL_gldm_LargeDependenceLowGrayLevelEmphasis,0.8001299603613654,629,3,gldm,True,False
wavelet-HHL_gldm_LowGrayLevelEmphasis,0.41719392425610397,629,3,gldm,False,False
wavelet-HHL_gldm_SmallDependenceEmphasis,0.8609637283939027,629,3,gldm,True,False
wavelet-HHL_gldm_SmallDependenceHighGrayLevelEmphasis,0.45357688305269195,629,3,gldm,False,False
wavelet-HHL_gldm_SmallDependenceLowGrayLevelEmphasis,0.3038775606824047,629,3,gldm,False,False
wavelet-HHL_glrlm_GrayLevelNonUniformity,0.6443386502346723,629,3,glrlm,False,False
wavelet-HHL_glrlm_GrayLevelNonUniformityNormalized,0.8589833228369508,629,3,glrlm,True,False
wavelet-HHL_glrlm_GrayLevelVariance,0.6283887247461031,629,3,glrlm,False,False
wavelet-HHL_glrlm_HighGrayLevelRunEmphasis,0.412751232541195,629,3,glrlm,False,False
wavelet-HHL_glrlm_LongRunEmphasis,0.9471076192775888,629,3,glrlm,True,True
wavelet-HHL_glrlm_LongRunHighGrayLevelEmphasis,0.40780333474922126,629,3,glrlm,False,False
wavelet-HHL_glrlm_LongRunLowGrayLevelEmphasis,0.4962068564922376,629,3,glrlm,False,False
wavelet-HHL_glrlm_LowGrayLevelRunEmphasis,0.42622377270570694,629,3,glrlm,False,False
wavelet-HHL_glrlm_RunEntropy,0.538771418988129,629,3,glrlm,False,False
wavelet-HHL_glrlm_RunLengthNonUniformity,0.32187598896679426,629,3,glrlm,False,False
wavelet-HHL_glrlm_RunLengthNonUniformityNormalized,0.9332063915974427,629,3,glrlm,True,True
wavelet-HHL_glrlm_RunPercentage,0.937071118274068,629,3,glrlm,True,True
wavelet-HHL_glrlm_RunVariance,0.9373462426407225,629,3,glrlm,True,True
wavelet-HHL_glrlm_ShortRunEmphasis,0.9432928052712203,629,3,glrlm,True,True
wavelet-HHL_glrlm_ShortRunHighGrayLevelEmphasis,0.41450430266150745,629,3,glrlm,False,False
wavelet-HHL_glrlm_ShortRunLowGrayLevelEmphasis,0.4114707152942742,629,3,glrlm,False,False
wavelet-HHL_glszm_GrayLevelNonUniformity,0.5495732145126345,629,3,glszm,False,False
wavelet-HHL_glszm_GrayLevelNonUniformityNormalized,0.5454227163147884,629,3,glszm,False,False
wavelet-HHL_glszm_GrayLevelVariance,0.5022596046023883,629,3,glszm,False,False
wavelet-HHL_glszm_HighGrayLevelZoneEmphasis,0.4087751346141959,629,3,glszm,False,False
wavelet-HHL_glszm_LargeAreaEmphasis,0.8655507818319046,629,3,glszm,True,False
wavelet-HHL_glszm_LargeAreaHighGrayLevelEmphasis,0.4075781192245787,629,3,glszm,False,False
wavelet-HHL_glszm_LargeAreaLowGrayLevelEmphasis,0.8424684061834898,629,3,glszm,True,False
wavelet-HHL_glszm_LowGrayLevelZoneEmphasis,0.5656782774240738,629,3,glszm,False,False
wavelet-HHL_glszm_SizeZoneNonUniformity,0.32822326901419935,629,3,glszm,False,False
wavelet-HHL_glszm_SizeZoneNonUniformityNormalized,0.5391543827349495,629,3,glszm,False,False
wavelet-HHL_glszm_SmallAreaEmphasis,0.540992688018015,629,3,glszm,False,False
wavelet-HHL_glszm_SmallAreaHighGrayLevelEmphasis,0.40237705271463514,629,3,glszm,False,False
wavelet-HHL_glszm_SmallAreaLowGrayLevelEmphasis,0.5449796537283224,629,3,glszm,False,False
wavelet-HHL_glszm_ZoneEntropy,0.32416609495274473,629,3,glszm,False,False
wavelet-HHL_glszm_ZonePercentage,0.8675698890923077,629,3,glszm,True,False
wavelet-HHL_glszm_ZoneVariance,0.8561967883213457,629,3,glszm,True,False
wavelet-HHL_ngtdm_Busyness,0.7562262397516644,629,3,ngtdm,True,False
wavelet-HHL_ngtdm_Coarseness,0.29779965773586353,629,3,ngtdm,False,False
wavelet-HHL_ngtdm_Complexity,0.3844672565339655,629,3,ngtdm,False,False
wavelet-HHL_ngtdm_Contrast,0.7642507580334275,629,3,ngtdm,True,False
wavelet-HHL_ngtdm_Strength,0.7330026347801247,629,3,ngtdm,False,False
wavelet-HHH_firstorder_10Percentile,0.9281670240440035,629,3,firstorder,True,True
wavelet-HHH_firstorder_90Percentile,0.9357274601869505,629,3,firstorder,True,True
wavelet-HHH_firstorder_Energy,0.41868021250490695,629,3,firstorder,False,False
wavelet-HHH_firstorder_Entropy,0.9261544953162434,629,3,firstorder,True,True
wavelet-HHH_firstorder_InterquartileRange,0.963216449316438,629,3,firstorder,True,True
wavelet-HHH_firstorder_Kurtosis,0.5150471381559267,629,3,firstorder,False,False
wavelet-HHH_firstorder_Maximum,0.47779244877364113,629,3,firstorder,False,False
wavelet-HHH_firstorder_MeanAbsoluteDeviation,0.9412089081678702,629,3,firstorder,True,True
wavelet-HHH_firstorder_Mean,-0.1231662281173621,629,3,firstorder,False,False
wavelet-HHH_firstorder_Median,0.4924334155023163,629,3,firstorder,False,False
wavelet-HHH_firstorder_Minimum,0.48482069619487905,629,3,firstorder,False,False
wavelet-HHH_firstorder_Range,0.52548103457631,629,3,firstorder,False,False
wavelet-HHH_firstorder_RobustMeanAbsoluteDeviation,0.9671641620213253,629,3,firstorder,True,True
wavelet-HHH_firstorder_RootMeanSquared,0.8898935297302842,629,3,firstorder,True,False
wavelet-HHH_firstorder_Skewness,0.24123725998046575,629,3,firstorder,False,False
wavelet-HHH_firstorder_TotalEnergy,0.41868021250490645,629,3,firstorder,False,False
wavelet-HHH_firstorder_Uniformity,0.9623517490365542,629,3,firstorder,True,True
wavelet-HHH_firstorder_Variance,0.8833208736041189,629,3,firstorder,True,False
wavelet-HHH_glcm_Autocorrelation,0.4348024842582667,629,3,glcm,False,False
wavelet-HHH_glcm_ClusterProminence,0.7407121104185379,629,3,glcm,False,False
wavelet-HHH_glcm_ClusterShade,0.4194928369561321,629,3,glcm,False,False
wavelet-HHH_glcm_ClusterTendency,0.8834514426528217,629,3,glcm,True,False
wavelet-HHH_glcm_Contrast,0.8870979504238525,629,3,glcm,True,False
wavelet-HHH_glcm_Correlation,0.10732350448317675,629,3,glcm,False,False
wavelet-HHH_glcm_DifferenceAverage,0.9338374889790289,629,3,glcm,True,True
wavelet-HHH_glcm_DifferenceEntropy,0.8371797707368294,629,3,glcm,True,False
wavelet-HHH_glcm_DifferenceVariance,0.8142336930645455,629,3,glcm,True,False
wavelet-HHH_glcm_Id,0.9668220852913431,629,3,glcm,True,True
wavelet-HHH_glcm_Idm,0.970051704549527,629,3,glcm,True,True
wavelet-HHH_glcm_Idmn,0.4328671161093859,629,3,glcm,False,False
wavelet-HHH_glcm_Idn,0.4846470136566657,629,3,glcm,False,False
wavelet-HHH_glcm_Imc1,0.525542471057478,629,3,glcm,False,False
wavelet-HHH_glcm_Imc2,0.8377140568132099,629,3,glcm,True,False
wavelet-HHH_glcm_InverseVariance,0.9653107284619218,629,3,glcm,True,True
wavelet-HHH_glcm_JointAverage,0.48645320958384,629,3,glcm,False,False
wavelet-HHH_glcm_JointEnergy,0.6741279270446987,629,3,glcm,False,False
wavelet-HHH_glcm_JointEntropy,0.6680623098454423,629,3,glcm,False,False
wavelet-HHH_glcm_MCC,0.6480531496586789,629,3,glcm,False,False
wavelet-HHH_glcm_MaximumProbability,0.8227293172125437,629,3,glcm,True,False
wavelet-HHH_glcm_SumAverage,0.48645320958383986,629,3,glcm,False,False
wavelet-HHH_glcm_SumEntropy,0.7805079513503124,629,3,glcm,True,False
wavelet-HHH_glcm_SumSquares,0.8870461217459573,629,3,glcm,True,False
wavelet-HHH_gldm_DependenceEntropy,0.36480961045020277,629,3,gldm,False,False
wavelet-HHH_gldm_DependenceNonUniformity,0.4395150584050126,629,3,gldm,False,False
wavelet-HHH_gldm_DependenceNonUniformityNormalized,0.7850753579052225,629,3,gldm,True,False
wavelet-HHH_gldm_DependenceVariance,0.9037480326069143,629,3,gldm,True,True
wavelet-HHH_gldm_GrayLevelNonUniformity,0.6305763736692594,629,3,gldm,False,False
wavelet-HHH_gldm_GrayLevelVariance,0.8829199975594627,629,3,gldm,True,False
wavelet-HHH_gldm_HighGrayLevelEmphasis,0.442918081574655,629,3,gldm,False,False
wavelet-HHH_gldm_LargeDependenceEmphasis,0.9360397885433323,629,3,gldm,True,True
wavelet-HHH_gldm_LargeDependenceHighGrayLevelEmphasis,0.35319367655227846,629,3,gldm,False,False
wavelet-HHH_gldm_LargeDependenceLowGrayLevelEmphasis,0.7794052634875129,629,3,gldm,True,False
wavelet-HHH_gldm_LowGrayLevelEmphasis,0.4422652137478757,629,3,gldm,False,False
wavelet-HHH_gldm_SmallDependenceEmphasis,0.8471516288621802,629,3,gldm,True,False
wavelet-HHH_gldm_SmallDependenceHighGrayLevelEmphasis,0.5570301045939794,629,3,gldm,False,False
wavelet-HHH_gldm_SmallDependenceLowGrayLevelEmphasis,0.2434332128667044,629,3,gldm,False,False
wavelet-HHH_glrlm_GrayLevelNonUniformity,0.5888970527322145,629,3,glrlm,False,False
wavelet-HHH_glrlm_GrayLevelNonUniformityNormalized,0.9505485655345516,629,3,glrlm,True,True
wavelet-HHH_glrlm_GrayLevelVariance,0.8715873892101316,629,3,glrlm,True,False
wavelet-HHH_glrlm_HighGrayLevelRunEmphasis,0.4431634371380008,629,3,glrlm,False,False
wavelet-HHH_glrlm_LongRunEmphasis,0.9424391794996814,629,3,glrlm,True,True
wavelet-HHH_glrlm_LongRunHighGrayLevelEmphasis,0.41381579105234234,629,3,glrlm,False,False
wavelet-HHH_glrlm_LongRunLowGrayLevelEmphasis,0.5542876891667062,629,3,glrlm,False,False
wavelet-HHH_glrlm_LowGrayLevelRunEmphasis,0.44548844538707894,629,3,glrlm,False,False
wavelet-HHH_glrlm_RunEntropy,0.7930510826850605,629,3,glrlm,True,False
wavelet-HHH_glrlm_RunLengthNonUniformity,0.33678486082997405,629,3,glrlm,False,False
wavelet-HHH_glrlm_RunLengthNonUniformityNormalized,0.9252695522159878,629,3,glrlm,True,True
wavelet-HHH_glrlm_RunPercentage,0.9287371514475643,629,3,glrlm,True,True
wavelet-HHH_glrlm_RunVariance,0.9341092936271849,629,3,glrlm,True,True
wavelet-HHH_glrlm_ShortRunEmphasis,0.9367317415572235,629,3,glrlm,True,True
wavelet-HHH_glrlm_ShortRunHighGrayLevelEmphasis,0.450855269693517,629,3,glrlm,False,False
wavelet-HHH_glrlm_ShortRunLowGrayLevelEmphasis,0.42048263799340874,629,3,glrlm,False,False
wavelet-HHH_glszm_GrayLevelNonUniformity,0.46114876306704017,629,3,glszm,False,False
wavelet-HHH_glszm_GrayLevelNonUniformityNormalized,0.8365465063479041,629,3,glszm,True,False
wavelet-HHH_glszm_GrayLevelVariance,0.6861821275867046,629,3,glszm,False,False
wavelet-HHH_glszm_HighGrayLevelZoneEmphasis,0.44517357763977805,629,3,glszm,False,False
wavelet-HHH_glszm_LargeAreaEmphasis,0.8546618876412659,629,3,glszm,True,False
wavelet-HHH_glszm_LargeAreaHighGrayLevelEmphasis,0.3582630944260247,629,3,glszm,False,False
wavelet-HHH_glszm_LargeAreaLowGrayLevelEmphasis,0.844802188803018,629,3,glszm,True,False
wavelet-HHH_glszm_LowGrayLevelZoneEmphasis,0.5023996520462146,629,3,glszm,False,False
wavelet-HHH_glszm_SizeZoneNonUniformity,0.45541475571832307,629,3,glszm,False,False
wavelet-HHH_glszm_SizeZoneNonUniformityNormalized,0.5487377443546803,629,3,glszm,False,False
wavelet-HHH_glszm_SmallAreaEmphasis,0.562493872587071,629,3,glszm,False,False
wavelet-HHH_glszm_SmallAreaHighGrayLevelEmphasis,0.4546349107915146,629,3,glszm,False,False
wavelet-HHH_glszm_SmallAreaLowGrayLevelEmphasis,0.4817474899831456,629,3,glszm,False,False
wavelet-HHH_glszm_ZoneEntropy,0.5882955073926,629,3,glszm,False,False
wavelet-HHH_glszm_ZonePercentage,0.8508871277449219,629,3,glszm,True,False
wavelet-HHH_glszm_ZoneVariance,0.8470373683525713,629,3,glszm,True,False
wavelet-HHH_ngtdm_Busyness,0.8444601594364007,629,3,ngtdm,True,False
wavelet-HHH_ngtdm_Coarseness,0.2909287686653225,629,3,ngtdm,False,False
wavelet-HHH_ngtdm_Complexity,0.6195551731379229,629,3,ngtdm,False,False
wavelet-HHH_ngtdm_Contrast,0.7465904078908404,629,3,ngtdm,False,False
wavelet-HHH_ngtdm_Strength,0.8108287271598614,629,3,ngtdm,True,False
wavelet-LLL_firstorder_10Percentile,0.9563717348868308,629,3,firstorder,True,True
wavelet-LLL_firstorder_90Percentile,0.8373909598608995,629,3,firstorder,True,False
wavelet-LLL_firstorder_Energy,0.8583015112956092,629,3,firstorder,True,False
wavelet-LLL_firstorder_Entropy,0.5774176008824737,629,3,firstorder,False,False
wavelet-LLL_firstorder_InterquartileRange,0.744427906974651,629,3,firstorder,False,False
wavelet-LLL_firstorder_Kurtosis,0.2774658544623744,629,3,firstorder,False,False
wavelet-LLL_firstorder_Maximum,0.5890654505547631,629,3,firstorder,False,False
wavelet-LLL_firstorder_MeanAbsoluteDeviation,0.7721981398803616,629,3,firstorder,True,False
wavelet-LLL_firstorder_Mean,0.8894798820937196,629,3,firstorder,True,False
wavelet-LLL_firstorder_Median,0.8900810867390473,629,3,firstorder,True,False
wavelet-LLL_firstorder_Minimum,0.9936217476812899,629,3,firstorder,True,True
wavelet-LLL_firstorder_Range,0.5277928022489381,629,3,firstorder,False,False
wavelet-LLL_firstorder_RobustMeanAbsoluteDeviation,0.761931511699274,629,3,firstorder,True,False
wavelet-LLL_firstorder_RootMeanSquared,0.8022237147107171,629,3,firstorder,True,False
wavelet-LLL_firstorder_Skewness,0.3113847495395667,629,3,firstorder,False,False
wavelet-LLL_firstorder_TotalEnergy,0.8583015112956089,629,3,firstorder,True,False
wavelet-LLL_firstorder_Uniformity,0.5409982126076968,629,3,firstorder,False,False
wavelet-LLL_firstorder_Variance,0.8235502906463553,629,3,firstorder,True,False
wavelet-LLL_glcm_Autocorrelation,0.896273869385502,629,3,glcm,True,False
wavelet-LLL_glcm_ClusterProminence,0.9652969773560693,629,3,glcm,True,True
wavelet-LLL_glcm_ClusterShade,0.622069299800708,629,3,glcm,False,False
wavelet-LLL_glcm_ClusterTendency,0.9227511891568027,629,3,glcm,True,True
wavelet-LLL_glcm_Contrast,0.518301830399885,629,3,glcm,False,False
wavelet-LLL_glcm_Correlation,0.8147334403685924,629,3,glcm,True,False
wavelet-LLL_glcm_DifferenceAverage,0.5711675642907407,629,3,glcm,False,False
wavelet-LLL_glcm_DifferenceEntropy,0.35801331617600674,629,3,glcm,False,False
wavelet-LLL_glcm_DifferenceVariance,0.4368009642288213,629,3,glcm,False,False
wavelet-LLL_glcm_Id,0.6779838707148005,629,3,glcm,False,False
wavelet-LLL_glcm_Idm,0.709445753493803,629,3,glcm,False,False
wavelet-LLL_glcm_Idmn,0.6662885878533258,629,3,glcm,False,False
wavelet-LLL_glcm_Idn,0.6774283284857187,629,3,glcm,False,False
wavelet-LLL_glcm_Imc1,0.7090278664502715,629,3,glcm,False,False
wavelet-LLL_glcm_Imc2,0.6831752417802388,629,3,glcm,False,False
wavelet-LLL_glcm_InverseVariance,0.7066218920523273,629,3,glcm,False,False
wavelet-LLL_glcm_JointAverage,0.8741055158205867,629,3,glcm,True,False
wavelet-LLL_glcm_JointEnergy,0.05874445502851794,629,3,glcm,False,False
wavelet-LLL_glcm_JointEntropy,0.26247579435155877,629,3,glcm,False,False
wavelet-LLL_glcm_MCC,0.5248148068235124,629,3,glcm,False,False
wavelet-LLL_glcm_MaximumProbability,0.0998366791724387,629,3,glcm,False,False
wavelet-LLL_glcm_SumAverage,0.8741055158205868,629,3,glcm,True,False
wavelet-LLL_glcm_SumEntropy,0.39971592178666826,629,3,glcm,False,False
wavelet-LLL_glcm_SumSquares,0.8915688526761227,629,3,glcm,True,False
wavelet-LLL_gldm_DependenceEntropy,0.3784974194624753,629,3,gldm,False,False
wavelet-LLL_gldm_DependenceNonUniformity,0.24808093500068853,629,3,gldm,False,False
wavelet-LLL_gldm_DependenceNonUniformityNormalized,0.8293072498009143,629,3,gldm,True,False
wavelet-LLL_gldm_DependenceVariance,0.8976849753751042,629,3,gldm,True,False
wavelet-LLL_gldm_GrayLevelNonUniformity,0.7555071581703573,629,3,gldm,True,False
wavelet-LLL_gldm_GrayLevelVariance,0.8235760980768869,629,3,gldm,True,False
wavelet-LLL_gldm_HighGrayLevelEmphasis,0.8361673166097259,629,3,gldm,True,False
wavelet-LLL_gldm_LargeDependenceEmphasis,0.8807413052296017,629,3,gldm,True,False
wavelet-LLL_gldm_LargeDependenceHighGrayLevelEmphasis,0.8762724317863471,629,3,gldm,True,False
wavelet-LLL_gldm_LargeDependenceLowGrayLevelEmphasis,0.68647062490314,629,3,gldm,False,False
wavelet-LLL_gldm_LowGrayLevelEmphasis,0.419520996402305,629,3,gldm,False,False
wavelet-LLL_gldm_SmallDependenceEmphasis,0.8323865089648476,629,3,gldm,True,False
wavelet-LLL_gldm_SmallDependenceHighGrayLevelEmphasis,0.8200021602495714,629,3,gldm,True,False
wavelet-LLL_gldm_SmallDependenceLowGrayLevelEmphasis,0.370035786591794,629,3,gldm,False,False
wavelet-LLL_glrlm_GrayLevelNonUniformity,0.7494929957690251,629,3,glrlm,False,False
wavelet-LLL_glrlm_GrayLevelNonUniformityNormalized,0.5388087359949361,629,3,glrlm,False,False
wavelet-LLL_glrlm_GrayLevelVariance,0.8228345846035469,629,3,glrlm,True,False
wavelet-LLL_glrlm_HighGrayLevelRunEmphasis,0.8350858203121901,629,3,glrlm,True,False
wavelet-LLL_glrlm_LongRunEmphasis,0.8641172866908412,629,3,glrlm,True,False
wavelet-LLL_glrlm_LongRunHighGrayLevelEmphasis,0.8374885522475838,629,3,glrlm,True,False
wavelet-LLL_glrlm_LongRunLowGrayLevelEmphasis,0.43608805224948355,629,3,glrlm,False,False
wavelet-LLL_glrlm_LowGrayLevelRunEmphasis,0.41378565019141383,629,3,glrlm,False,False
wavelet-LLL_glrlm_RunEntropy,0.5565829748507053,629,3,glrlm,False,False
wavelet-LLL_glrlm_RunLengthNonUniformity,0.32121335376973253,629,3,glrlm,False,False
wavelet-LLL_glrlm_RunLengthNonUniformityNormalized,0.8562407274973661,629,3,glrlm,True,False
wavelet-LLL_glrlm_RunPercentage,0.8603755600650669,629,3,glrlm,True,False
wavelet-LLL_glrlm_RunVariance,0.8682143285337033,629,3,glrlm,True,False
wavelet-LLL_glrlm_ShortRunEmphasis,0.8571600096680606,629,3,glrlm,True,False
wavelet-LLL_glrlm_ShortRunHighGrayLevelEmphasis,0.8344758913279687,629,3,glrlm,True,False
wavelet-LLL_glrlm_ShortRunLowGrayLevelEmphasis,0.40874418072651636,629,3,glrlm,False,False
wavelet-LLL_glszm_GrayLevelNonUniformity,0.67553410106005,629,3,glszm,False,False
wavelet-LLL_glszm_GrayLevelNonUniformityNormalized,0.5230822093536867,629,3,glszm,False,False
wavelet-LLL_glszm_GrayLevelVariance,0.8140687696571517,629,3,glszm,True,False
wavelet-LLL_glszm_HighGrayLevelZoneEmphasis,0.8210238415350174,629,3,glszm,True,False
wavelet-LLL_glszm_LargeAreaEmphasis,0.8745116669503109,629,3,glszm,True,False
wavelet-LLL_glszm_LargeAreaHighGrayLevelEmphasis,0.8527550590414748,629,3,glszm,True,False
wavelet-LLL_glszm_LargeAreaLowGrayLevelEmphasis,0.6587010412048714,629,3,glszm,False,False
wavelet-LLL_glszm_LowGrayLevelZoneEmphasis,0.38196725756785893,629,3,glszm,False,False
wavelet-LLL_glszm_SizeZoneNonUniformity,0.24792172263405404,629,3,glszm,False,False
wavelet-LLL_glszm_SizeZoneNonUniformityNormalized,0.8040147798423546,629,3,glszm,True,False
wavelet-LLL_glszm_SmallAreaEmphasis,0.8103909132869581,629,3,glszm,True,False
wavelet-LLL_glszm_SmallAreaHighGrayLevelEmphasis,0.8118573147738807,629,3,glszm,True,False
wavelet-LLL_glszm_SmallAreaLowGrayLevelEmphasis,0.40560129294753344,629,3,glszm,False,False
wavelet-LLL_glszm_ZoneEntropy,0.41958254128273914,629,3,glszm,False,False
wavelet-LLL_glszm_ZonePercentage,0.8464129908737734,629,3,glszm,True,False
wavelet-LLL_glszm_ZoneVariance,0.8690944655087292,629,3,glszm,True,False
wavelet-LLL_ngtdm_Busyness,0.8380149894552751,629,3,ngtdm,True,False
wavelet-LLL_ngtdm_Coarseness,0.26278752061301236,629,3,ngtdm,False,False
wavelet-LLL_ngtdm_Complexity,0.5305398027415515,629,3,ngtdm,False,False
wavelet-LLL_ngtdm_Contrast,0.5993588536842469,629,3,ngtdm,False,False
wavelet-LLL_ngtdm_Strength,0.6937655897738514,629,3,ngtdm,False,False
square_firstorder_10Percentile,0.6828234619659583,629,3,firstorder,False,False
square_firstorder_90Percentile,0.9184467364447182,629,3,firstorder,True,True
square_firstorder_Energy,0.8132540632601301,629,3,firstorder,True,False
square_firstorder_Entropy,0.9050874480627877,629,3,firstorder,True,True
square_firstorder_InterquartileRange,0.6875175882517737,629,3,firstorder,False,False
square_firstorder_Kurtosis,0.20177379703694875,629,3,firstorder,False,False
square_firstorder_Maximum,0.45977585988415115,629,3,firstorder,False,False
square_firstorder_MeanAbsoluteDeviation,0.8726497768592785,629,3,firstorder,True,False
square_firstorder_Mean,0.9275447766125725,629,3,firstorder,True,True
square_firstorder_Median,0.934514479887841,629,3,firstorder,True,True
square_firstorder_Minimum,0.35079733557501186,629,3,firstorder,False,False
square_firstorder_Range,0.4584021984416677,629,3,firstorder,False,False
square_firstorder_RobustMeanAbsoluteDeviation,0.7695434897893292,629,3,firstorder,True,False
square_firstorder_RootMeanSquared,0.9353855410999774,629,3,firstorder,True,True
square_firstorder_Skewness,0.4323820867690019,629,3,firstorder,False,False
square_firstorder_TotalEnergy,0.8132540632601302,629,3,firstorder,True,False
square_firstorder_Uniformity,0.8941501952456844,629,3,firstorder,True,False
square_firstorder_Variance,0.9107176663827898,629,3,firstorder,True,True
square_glcm_Autocorrelation,0.8757903915013062,629,3,glcm,True,False
square_glcm_ClusterProminence,0.8333339096458968,629,3,glcm,True,False
square_glcm_ClusterShade,0.9131262030078556,629,3,glcm,True,True
square_glcm_ClusterTendency,0.9445212540972581,629,3,glcm,True,True
square_glcm_Contrast,0.866421195694136,629,3,glcm,True,False
square_glcm_Correlation,0.6901882266511642,629,3,glcm,False,False
square_glcm_DifferenceAverage,0.8606982223323695,629,3,glcm,True,False
square_glcm_DifferenceEntropy,0.831914209729501,629,3,glcm,True,False
square_glcm_DifferenceVariance,0.8404364303548899,629,3,glcm,True,False
square_glcm_Id,0.8757999675711825,629,3,glcm,True,False
square_glcm_Idm,0.8750641367850083,629,3,glcm,True,False
square_glcm_Idmn,0.2832174213599984,629,3,glcm,False,False
square_glcm_Idn,0.4153563190603647,629,3,glcm,False,False
square_glcm_Imc1,0.5218854909006836,629,3,glcm,False,False
square_glcm_Imc2,0.6718223541823478,629,3,glcm,False,False
square_glcm_InverseVariance,0.7600384235703022,629,3,glcm,True,False
square_glcm_JointAverage,0.9286257347881582,629,3,glcm,True,True
square_glcm_JointEnergy,0.8268945377572312,629,3,glcm,True,False
square_glcm_JointEntropy,0.8759721931281416,629,3,glcm,True,False
square_glcm_MCC,0.5941281459329788,629,3,glcm,False,False
square_glcm_MaximumProbability,0.8789918573352389,629,3,glcm,True,False
square_glcm_SumAverage,0.928625734788158,629,3,glcm,True,True
square_glcm_SumEntropy,0.8816733495043658,629,3,glcm,True,False
square_glcm_SumSquares,0.946763965619296,629,3,glcm,True,True
square_gldm_DependenceEntropy,0.5494350511706357,629,3,gldm,False,False
square_gldm_DependenceNonUniformity,0.5326815817201568,629,3,gldm,False,False
square_gldm_DependenceNonUniformityNormalized,0.8777073251830797,629,3,gldm,True,False
square_gldm_DependenceVariance,0.9291861261358828,629,3,gldm,True,True
square_gldm_GrayLevelNonUniformity,0.6114458200010754,629,3,gldm,False,False
square_gldm_GrayLevelVariance,0.9116945849188157,629,3,gldm,True,True
square_gldm_HighGrayLevelEmphasis,0.9065751747830396,629,3,gldm,True,True
square_gldm_LargeDependenceEmphasis,0.9320880278157033,629,3,gldm,True,True
square_gldm_LargeDependenceHighGrayLevelEmphasis,0.8830045973767146,629,3,gldm,True,False
square_gldm_LargeDependenceLowGrayLevelEmphasis,0.934864745697272,629,3,gldm,True,True
square_gldm_LowGrayLevelEmphasis,0.9126307440091709,629,3,gldm,True,True
square_gldm_SmallDependenceEmphasis,0.8296972587377691,629,3,gldm,True,False
square_gldm_SmallDependenceHighGrayLevelEmphasis,0.8670229938764858,629,3,gldm,True,False
square_gldm_SmallDependenceLowGrayLevelEmphasis,0.33586599598128086,629,3,gldm,False,False
square_glrlm_GrayLevelNonUniformity,0.43388820571619435,629,3,glrlm,False,False
square_glrlm_GrayLevelNonUniformityNormalized,0.8791774740957914,629,3,glrlm,True,False
square_glrlm_GrayLevelVariance,0.919108879118106,629,3,glrlm,True,True
square_glrlm_HighGrayLevelRunEmphasis,0.9156201733819139,629,3,glrlm,True,True
square_glrlm_LongRunEmphasis,0.9378532108558306,629,3,glrlm,True,True
square_glrlm_LongRunHighGrayLevelEmphasis,0.9163640875966924,629,3,glrlm,True,True
square_glrlm_LongRunLowGrayLevelEmphasis,0.9336749328515349,629,3,glrlm,True,True
square_glrlm_LowGrayLevelRunEmphasis,0.883983100087335,629,3,glrlm,True,False
square_glrlm_RunEntropy,0.8059861920077029,629,3,glrlm,True,False
square_glrlm_RunLengthNonUniformity,0.4297763257504647,629,3,glrlm,False,False
square_glrlm_RunLengthNonUniformityNormalized,0.9232898954386325,629,3,glrlm,True,True
square_glrlm_RunPercentage,0.9320060561705694,629,3,glrlm,True,True
square_glrlm_RunVariance,0.9440807067603639,629,3,glrlm,True,True
square_glrlm_ShortRunEmphasis,0.9242269110984332,629,3,glrlm,True,True
square_glrlm_ShortRunHighGrayLevelEmphasis,0.9147291011737624,629,3,glrlm,True,True
square_glrlm_ShortRunLowGrayLevelEmphasis,0.8040399304972223,629,3,glrlm,True,False
square_glszm_GrayLevelNonUniformity,0.540854661347285,629,3,glszm,False,False
square_glszm_GrayLevelNonUniformityNormalized,0.8575159650253461,629,3,glszm,True,False
square_glszm_GrayLevelVariance,0.7427705284723,629,3,glszm,False,False
square_glszm_HighGrayLevelZoneEmphasis,0.877508010996943,629,3,glszm,True,False
square_glszm_LargeAreaEmphasis,0.8008492300081431,629,3,glszm,True,False
square_glszm_LargeAreaHighGrayLevelEmphasis,0.7086226104343736,629,3,glszm,False,False
square_glszm_LargeAreaLowGrayLevelEmphasis,0.8425906891965436,629,3,glszm,True,False
square_glszm_LowGrayLevelZoneEmphasis,0.462658271788262,629,3,glszm,False,False
square_glszm_SizeZoneNonUniformity,0.6058475562479722,629,3,glszm,False,False
square_glszm_SizeZoneNonUniformityNormalized,0.550212620359111,629,3,glszm,False,False
square_glszm_SmallAreaEmphasis,0.5366368324103895,629,3,glszm,False,False
square_glszm_SmallAreaHighGrayLevelEmphasis,0.8163348827171589,629,3,glszm,True,False
square_glszm_SmallAreaLowGrayLevelEmphasis,0.3477340697358096,629,3,glszm,False,False
square_glszm_ZoneEntropy,0.7519681052323869,629,3,glszm,True,False
square_glszm_ZonePercentage,0.7958771182429262,629,3,glszm,True,False
square_glszm_ZoneVariance,0.7993587385052421,629,3,glszm,True,False
square_ngtdm_Busyness,0.6604253966795683,629,3,ngtdm,False,False
square_ngtdm_Coarseness,0.18113953002692623,629,3,ngtdm,False,False
square_ngtdm_Complexity,0.778409551347459,629,3,ngtdm,True,False
square_ngtdm_Contrast,0.7326332707224095,629,3,ngtdm,False,False
square_ngtdm_Strength,0.7235161956586753,629,3,ngtdm,False,False
squareroot_firstorder_10Percentile,0.8690800462920695,629,3,firstorder,True,False
squareroot_firstorder_90Percentile,0.8105025301486365,629,3,firstorder,True,False
squareroot_firstorder_Energy,0.5043859127460102,629,3,firstorder,False,False
squareroot_firstorder_Entropy,0.8107586289442098,629,3,firstorder,True,False
squareroot_firstorder_InterquartileRange,0.9024514326380138,629,3,firstorder,True,True
squareroot_firstorder_Kurtosis,0.3931434069807489,629,3,firstorder,False,False
squareroot_firstorder_Maximum,0.5088755447987111,629,3,firstorder,False,False
squareroot_firstorder_MeanAbsoluteDeviation,0.865199392601634,629,3,firstorder,True,False
squareroot_firstorder_Mean,0.8537909254951598,629,3,firstorder,True,False
squareroot_firstorder_Median,0.6319871770698051,629,3,firstorder,False,False
squareroot_firstorder_Minimum,0.962330933016737,629,3,firstorder,True,True
squareroot_firstorder_Range,0.5618619300065082,629,3,firstorder,False,False
squareroot_firstorder_RobustMeanAbsoluteDeviation,0.8982602870984138,629,3,firstorder,True,False
squareroot_firstorder_RootMeanSquared,0.9093052845279125,629,3,firstorder,True,True
squareroot_firstorder_Skewness,0.5864569925019487,629,3,firstorder,False,False
squareroot_firstorder_TotalEnergy,0.5043859127460104,629,3,firstorder,False,False
squareroot_firstorder_Uniformity,0.8082799933491914,629,3,firstorder,True,False
squareroot_firstorder_Variance,0.892376386088522,629,3,firstorder,True,False
squareroot_glcm_Autocorrelation,0.8867157123801874,629,3,glcm,True,False
squareroot_glcm_ClusterProminence,0.9731099871430484,629,3,glcm,True,True
squareroot_glcm_ClusterShade,0.25344980560160363,629,3,glcm,False,False
squareroot_glcm_ClusterTendency,0.9492379865606935,629,3,glcm,True,True
squareroot_glcm_Contrast,0.7028994884789298,629,3,glcm,False,False
squareroot_glcm_Correlation,0.7326221082661152,629,3,glcm,False,False
squareroot_glcm_DifferenceAverage,0.7506734012284554,629,3,glcm,True,False
squareroot_glcm_DifferenceEntropy,0.6505304288257443,629,3,glcm,False,False
squareroot_glcm_DifferenceVariance,0.6478602102924818,629,3,glcm,False,False
squareroot_glcm_Id,0.8459188926641349,629,3,glcm,True,False
squareroot_glcm_Idm,0.8555855359407066,629,3,glcm,True,False
squareroot_glcm_Idmn,0.645347673809791,629,3,glcm,False,False
squareroot_glcm_Idn,0.6467553846860109,629,3,glcm,False,False
squareroot_glcm_Imc1,0.7978820235082891,629,3,glcm,True,False
squareroot_glcm_Imc2,0.7521427609789045,629,3,glcm,True,False
squareroot_glcm_InverseVariance,0.8547224713440764,629,3,glcm,True,False
squareroot_glcm_JointAverage,0.9159226933560229,629,3,glcm,True,True
squareroot_glcm_JointEnergy,0.08605687812535767,629,3,glcm,False,False
squareroot_glcm_JointEntropy,0.3515951060178803,629,3,glcm,False,False
squareroot_glcm_MCC,0.6003212249235006,629,3,glcm,False,False
squareroot_glcm_MaximumProbability,0.24618480788775354,629,3,glcm,False,False
squareroot_glcm_SumAverage,0.9159226933560229,629,3,glcm,True,True
squareroot_glcm_SumEntropy,0.6885211992105602,629,3,glcm,False,False
squareroot_glcm_SumSquares,0.9224519392740353,629,3,glcm,True,True
squareroot_gldm_DependenceEntropy,0.554706249145736,629,3,gldm,False,False
squareroot_gldm_DependenceNonUniformity,0.3733978981336401,629,3,gldm,False,False
squareroot_gldm_DependenceNonUniformityNormalized,0.9071634657025425,629,3,gldm,True,True
squareroot_gldm_DependenceVariance,0.9070310132448148,629,3,gldm,True,True
squareroot_gldm_GrayLevelNonUniformity,0.7892868586954156,629,3,gldm,True,False
squareroot_gldm_GrayLevelVariance,0.892385642579719,629,3,gldm,True,False
squareroot_gldm_HighGrayLevelEmphasis,0.8938667826815072,629,3,gldm,True,False
squareroot_gldm_LargeDependenceEmphasis,0.9262991740736218,629,3,gldm,True,True
squareroot_gldm_LargeDependenceHighGrayLevelEmphasis,0.8958989394935135,629,3,gldm,True,False
squareroot_gldm_LargeDependenceLowGrayLevelEmphasis,0.9076069189873643,629,3,gldm,True,True
squareroot_gldm_LowGrayLevelEmphasis,0.7314807879435536,629,3,gldm,False,False
squareroot_gldm_SmallDependenceEmphasis,0.8981551453894957,629,3,gldm,True,False
squareroot_gldm_SmallDependenceHighGrayLevelEmphasis,0.8836093835203834,629,3,gldm,True,False
squareroot_gldm_SmallDependenceLowGrayLevelEmphasis,0.554645748075501,629,3,gldm,False,False
squareroot_glrlm_GrayLevelNonUniformity,0.7863556027604758,629,3,glrlm,True,False
squareroot_glrlm_GrayLevelNonUniformityNormalized,0.8002961191997204,629,3,glrlm,True,False
squareroot_glrlm_GrayLevelVariance,0.8894716893532696,629,3,glrlm,True,False
squareroot_glrlm_HighGrayLevelRunEmphasis,0.8931540961096811,629,3,glrlm,True,False
squareroot_glrlm_LongRunEmphasis,0.9243507510825031,629,3,glrlm,True,True
squareroot_glrlm_LongRunHighGrayLevelEmphasis,0.8942122432412452,629,3,glrlm,True,False
squareroot_glrlm_LongRunLowGrayLevelEmphasis,0.7635993527229887,629,3,glrlm,True,False
squareroot_glrlm_LowGrayLevelRunEmphasis,0.7275204865342649,629,3,glrlm,False,False
squareroot_glrlm_RunEntropy,0.7820354792606318,629,3,glrlm,True,False
squareroot_glrlm_RunLengthNonUniformity,0.31740164115105923,629,3,glrlm,False,False
squareroot_glrlm_RunLengthNonUniformityNormalized,0.9188000807555445,629,3,glrlm,True,True
squareroot_glrlm_RunPercentage,0.9214583503913802,629,3,glrlm,True,True
squareroot_glrlm_RunVariance,0.9253111065060392,629,3,glrlm,True,True
squareroot_glrlm_ShortRunEmphasis,0.9197163023701903,629,3,glrlm,True,True
squareroot_glrlm_ShortRunHighGrayLevelEmphasis,0.8928595787024247,629,3,glrlm,True,False
squareroot_glrlm_ShortRunLowGrayLevelEmphasis,0.7187637586447096,629,3,glrlm,False,False
squareroot_glszm_GrayLevelNonUniformity,0.7308617502801217,629,3,glszm,False,False
squareroot_glszm_GrayLevelNonUniformityNormalized,0.6899663601726953,629,3,glszm,False,False
squareroot_glszm_GrayLevelVariance,0.8487791340133799,629,3,glszm,True,False
squareroot_glszm_HighGrayLevelZoneEmphasis,0.878735254989546,629,3,glszm,True,False
squareroot_glszm_LargeAreaEmphasis,0.8608043492682358,629,3,glszm,True,False
squareroot_glszm_LargeAreaHighGrayLevelEmphasis,0.896247621003264,629,3,glszm,True,False
squareroot_glszm_LargeAreaLowGrayLevelEmphasis,0.7890320223924253,629,3,glszm,True,False
squareroot_glszm_LowGrayLevelZoneEmphasis,0.6699718839078642,629,3,glszm,False,False
squareroot_glszm_SizeZoneNonUniformity,0.3628700929891141,629,3,glszm,False,False
squareroot_glszm_SizeZoneNonUniformityNormalized,0.8388176589888793,629,3,glszm,True,False
squareroot_glszm_SmallAreaEmphasis,0.8273547577617075,629,3,glszm,True,False
squareroot_glszm_SmallAreaHighGrayLevelEmphasis,0.8689153390059047,629,3,glszm,True,False
squareroot_glszm_SmallAreaLowGrayLevelEmphasis,0.5906429148542949,629,3,glszm,False,False
squareroot_glszm_ZoneEntropy,0.5440961604880724,629,3,glszm,False,False
squareroot_glszm_ZonePercentage,0.9107058146043338,629,3,glszm,True,True
squareroot_glszm_ZoneVariance,0.8113198822987113,629,3,glszm,True,False
squareroot_ngtdm_Busyness,0.8090779442166421,629,3,ngtdm,True,False
squareroot_ngtdm_Coarseness,0.14659128620352832,629,3,ngtdm,False,False
squareroot_ngtdm_Complexity,0.6769694308097706,629,3,ngtdm,False,False
squareroot_ngtdm_Contrast,0.7886401409233583,629,3,ngtdm,True,False
squareroot_ngtdm_Strength,0.5958160759528107,629,3,ngtdm,False,False
logarithm_firstorder_10Percentile,0.9476902790003293,629,3,firstorder,True,True
logarithm_firstorder_90Percentile,0.7730085015242696,629,3,firstorder,True,False
logarithm_firstorder_Energy,0.5669436108241128,629,3,firstorder,False,False
logarithm_firstorder_Entropy,0.8418752397064153,629,3,firstorder,True,False
logarithm_firstorder_InterquartileRange,0.8969463922287985,629,3,firstorder,True,False
logarithm_firstorder_Kurtosis,0.2667494227307276,629,3,firstorder,False,False
logarithm_firstorder_Maximum,0.4981266485557214,629,3,firstorder,False,False
logarithm_firstorder_MeanAbsoluteDeviation,0.8854626177104136,629,3,firstorder,True,False
logarithm_firstorder_Mean,0.8318095268491841,629,3,firstorder,True,False
logarithm_firstorder_Median,0.47377169276935793,629,3,firstorder,False,False
logarithm_firstorder_Minimum,0.995088720233579,629,3,firstorder,True,True
logarithm_firstorder_Range,0.6480673153231468,629,3,firstorder,False,False
logarithm_firstorder_RobustMeanAbsoluteDeviation,0.9073405908975114,629,3,firstorder,True,True
logarithm_firstorder_RootMeanSquared,0.9837079511280069,629,3,firstorder,True,True
logarithm_firstorder_Skewness,0.49720379258053193,629,3,firstorder,False,False
logarithm_firstorder_TotalEnergy,0.5669436108241126,629,3,firstorder,False,False
logarithm_firstorder_Uniformity,0.8398249907250488,629,3,firstorder,True,False
logarithm_firstorder_Variance,0.9245454116012407,629,3,firstorder,True,True
logarithm_glcm_Autocorrelation,0.8830355971411766,629,3,glcm,True,False
logarithm_glcm_ClusterProminence,0.9826006150081351,629,3,glcm,True,True
logarithm_glcm_ClusterShade,0.3557993238481619,629,3,glcm,False,False
logarithm_glcm_ClusterTendency,0.9564635948445749,629,3,glcm,True,True
logarithm_glcm_Contrast,0.8053829911480328,629,3,glcm,True,False
logarithm_glcm_Correlation,0.7714369708304912,629,3,glcm,True,False
logarithm_glcm_DifferenceAverage,0.7973840836510245,629,3,glcm,True,False
logarithm_glcm_DifferenceEntropy,0.7219480409049348,629,3,glcm,False,False
logarithm_glcm_DifferenceVariance,0.8085076158595472,629,3,glcm,True,False
logarithm_glcm_Id,0.869142180330836,629,3,glcm,True,False
logarithm_glcm_Idm,0.8775055281911993,629,3,glcm,True,False
logarithm_glcm_Idmn,0.6870444390525553,629,3,glcm,False,False
logarithm_glcm_Idn,0.6669991814554861,629,3,glcm,False,False
logarithm_glcm_Imc1,0.8373854412857287,629,3,glcm,True,False
logarithm_glcm_Imc2,0.757668353979774,629,3,glcm,True,False
logarithm_glcm_InverseVariance,0.8747118302936135,629,3,glcm,True,False
logarithm_glcm_JointAverage,0.9201381467917676,629,3,glcm,True,True
logarithm_glcm_JointEnergy,0.2230392386462851,629,3,glcm,False,False
logarithm_glcm_JointEntropy,0.49180543352793477,629,3,glcm,False,False
logarithm_glcm_MCC,0.6574835903198714,629,3,glcm,False,False
logarithm_glcm_MaximumProbability,0.5066087906514813,629,3,glcm,False,False
logarithm_glcm_SumAverage,0.9201381467917673,629,3,glcm,True,True
logarithm_glcm_SumEntropy,0.7419524037512614,629,3,glcm,False,False
logarithm_glcm_SumSquares,0.9404433407835365,629,3,glcm,True,True
logarithm_gldm_DependenceEntropy,0.6139377492846351,629,3,gldm,False,False
logarithm_gldm_DependenceNonUniformity,0.46007633106444595,629,3,gldm,False,False
logarithm_gldm_DependenceNonUniformityNormalized,0.9211125251624775,629,3,gldm,True,True
logarithm_gldm_DependenceVariance,0.9163912864366096,629,3,gldm,True,True
logarithm_gldm_GrayLevelNonUniformity,0.8193554212576233,629,3,gldm,True,False
logarithm_gldm_GrayLevelVariance,0.9245484372156599,629,3,gldm,True,True
logarithm_gldm_HighGrayLevelEmphasis,0.9091756282318112,629,3,gldm,True,True
logarithm_gldm_LargeDependenceEmphasis,0.9424335624809111,629,3,gldm,True,True
logarithm_gldm_LargeDependenceHighGrayLevelEmphasis,0.8963342048007941,629,3,gldm,True,False
logarithm_gldm_LargeDependenceLowGrayLevelEmphasis,0.9228897538473558,629,3,gldm,True,True
logarithm_gldm_LowGrayLevelEmphasis,0.7937631738987281,629,3,gldm,True,False
logarithm_gldm_SmallDependenceEmphasis,0.9122185048953588,629,3,gldm,True,True
logarithm_gldm_SmallDependenceHighGrayLevelEmphasis,0.9066354350879046,629,3,gldm,True,True
logarithm_gldm_SmallDependenceLowGrayLevelEmphasis,0.5695638331668973,629,3,gldm,False,False
logarithm_glrlm_GrayLevelNonUniformity,0.8168318293787327,629,3,glrlm,True,False
logarithm_glrlm_GrayLevelNonUniformityNormalized,0.827200538816146,629,3,glrlm,True,False
logarithm_glrlm_GrayLevelVariance,0.9223166693679071,629,3,glrlm,True,True
logarithm_glrlm_HighGrayLevelRunEmphasis,0.9085740214840284,629,3,glrlm,True,True
logarithm_glrlm_LongRunEmphasis,0.9430299922559647,629,3,glrlm,True,True
logarithm_glrlm_LongRunHighGrayLevelEmphasis,0.9082814683853772,629,3,glrlm,True,True
logarithm_glrlm_LongRunLowGrayLevelEmphasis,0.8277008411089983,629,3,glrlm,True,False
logarithm_glrlm_LowGrayLevelRunEmphasis,0.787425030153271,629,3,glrlm,True,False
logarithm_glrlm_RunEntropy,0.8105291833743969,629,3,glrlm,True,False
logarithm_glrlm_RunLengthNonUniformity,0.31473988531069663,629,3,glrlm,False,False
logarithm_glrlm_RunLengthNonUniformityNormalized,0.9350086303205344,629,3,glrlm,True,True
logarithm_glrlm_RunPercentage,0.9379761464982651,629,3,glrlm,True,True
logarithm_glrlm_RunVariance,0.9434559480126042,629,3,glrlm,True,True
logarithm_glrlm_ShortRunEmphasis,0.9366691596638039,629,3,glrlm,True,True
logarithm_glrlm_ShortRunHighGrayLevelEmphasis,0.9086163048301342,629,3,glrlm,True,True
logarithm_glrlm_ShortRunLowGrayLevelEmphasis,0.7761693589801665,629,3,glrlm,True,False
logarithm_glszm_GrayLevelNonUniformity,0.744723563749372,629,3,glszm,False,False
logarithm_glszm_GrayLevelNonUniformityNormalized,0.668163690090651,629,3,glszm,False,False
logarithm_glszm_GrayLevelVariance,0.889386809032546,629,3,glszm,True,False
logarithm_glszm_HighGrayLevelZoneEmphasis,0.895636465553882,629,3,glszm,True,False
logarithm_glszm_LargeAreaEmphasis,0.8860467414373814,629,3,glszm,True,False
logarithm_glszm_LargeAreaHighGrayLevelEmphasis,0.8946844381199356,629,3,glszm,True,False
logarithm_glszm_LargeAreaLowGrayLevelEmphasis,0.8421853799434591,629,3,glszm,True,False
logarithm_glszm_LowGrayLevelZoneEmphasis,0.6999384966057394,629,3,glszm,False,False
logarithm_glszm_SizeZoneNonUniformity,0.44273660373888635,629,3,glszm,False,False
logarithm_glszm_SizeZoneNonUniformityNormalized,0.8117216256037135,629,3,glszm,True,False
logarithm_glszm_SmallAreaEmphasis,0.7857048125312697,629,3,glszm,True,False
logarithm_glszm_SmallAreaHighGrayLevelEmphasis,0.8900974839807811,629,3,glszm,True,False
logarithm_glszm_SmallAreaLowGrayLevelEmphasis,0.5925174094113027,629,3,glszm,False,False
logarithm_glszm_ZoneEntropy,0.5798656076092495,629,3,glszm,False,False
logarithm_glszm_ZonePercentage,0.9232698318157867,629,3,glszm,True,True
logarithm_glszm_ZoneVariance,0.8399482887999903,629,3,glszm,True,False
logarithm_ngtdm_Busyness,0.8003224722715246,629,3,ngtdm,True,False
logarithm_ngtdm_Coarseness,0.19092580870147532,629,3,ngtdm,False,False
logarithm_ngtdm_Complexity,0.7267599402913497,629,3,ngtdm,False,False
logarithm_ngtdm_Contrast,0.791863589841428,629,3,ngtdm,True,False
logarithm_ngtdm_Strength,0.6111759684375202,629,3,ngtdm,False,False
exponential_firstorder_10Percentile,0.9580726750885072,629,3,firstorder,True,True
exponential_firstorder_90Percentile,0.890495663092663,629,3,firstorder,True,False
exponential_firstorder_Energy,0.321328759444986,629,3,firstorder,False,False
exponential_firstorder_Entropy,0.8611992881801824,629,3,firstorder,True,False
exponential_firstorder_InterquartileRange,0.7716237583595883,629,3,firstorder,True,False
exponential_firstorder_Kurtosis,0.23669996437728288,629,3,firstorder,False,False
exponential_firstorder_Maximum,0.3356853238036662,629,3,firstorder,False,False
exponential_firstorder_MeanAbsoluteDeviation,0.8384082219475388,629,3,firstorder,True,False
exponential_firstorder_Mean,0.854976973544062,629,3,firstorder,True,False
exponential_firstorder_Median,0.7099769853382889,629,3,firstorder,False,False
exponential_firstorder_Minimum,0.975630569926196,629,3,firstorder,True,True
exponential_firstorder_Range,0.3357429461219374,629,3,firstorder,False,False
exponential_firstorder_RobustMeanAbsoluteDeviation,0.8477882128827939,629,3,firstorder,True,False
exponential_firstorder_RootMeanSquared,0.7419984248315241,629,3,firstorder,False,False
exponential_firstorder_Skewness,0.2760746761595049,629,3,firstorder,False,False
exponential_firstorder_TotalEnergy,0.32132875944498623,629,3,firstorder,False,False
exponential_firstorder_Uniformity,0.8681010454322652,629,3,firstorder,True,False
exponential_firstorder_Variance,0.35489276190182006,629,3,firstorder,False,False
exponential_glcm_Autocorrelation,0.8925654724588976,629,3,glcm,True,False
exponential_glcm_ClusterProminence,0.006845649596270499,629,3,glcm,False,False
exponential_glcm_ClusterShade,0.06015935134407255,629,3,glcm,False,False
exponential_glcm_ClusterTendency,0.6113332196631648,629,3,glcm,False,False
exponential_glcm_Contrast,0.37615534206498613,629,3,glcm,False,False
exponential_glcm_Correlation,0.3890094332695303,629,3,glcm,False,False
exponential_glcm_DifferenceAverage,0.879488401169791,629,3,glcm,True,False
exponential_glcm_DifferenceEntropy,0.874040608049516,629,3,glcm,True,False
exponential_glcm_DifferenceVariance,0.332129061082682,629,3,glcm,False,False
exponential_glcm_Id,0.9001831605892723,629,3,glcm,True,True
exponential_glcm_Idm,0.8984101338441438,629,3,glcm,True,False
exponential_glcm_Idmn,0.8586242495272175,629,3,glcm,True,False
exponential_glcm_Idn,0.8729506611944784,629,3,glcm,True,False
exponential_glcm_Imc1,0.8917794901574625,629,3,glcm,True,False
exponential_glcm_Imc2,0.9353696338758659,629,3,glcm,True,True
exponential_glcm_InverseVariance,0.9090992755317036,629,3,glcm,True,True
exponential_glcm_JointAverage,0.8921881430372163,629,3,glcm,True,False
exponential_glcm_JointEnergy,0.9124102514767795,629,3,glcm,True,True
exponential_glcm_JointEntropy,0.9115128970814184,629,3,glcm,True,True
exponential_glcm_MCC,0.35301472575864046,629,3,glcm,False,False
exponential_glcm_MaximumProbability,0.898376247127135,629,3,glcm,True,False
exponential_glcm_SumAverage,0.8921881430372154,629,3,glcm,True,False
exponential_glcm_SumEntropy,0.9078805487041489,629,3,glcm,True,True
exponential_glcm_SumSquares,0.5098152229165015,629,3,glcm,False,False
exponential_gldm_DependenceEntropy,0.7410445549531792,629,3,gldm,False,False
exponential_gldm_DependenceNonUniformity,0.4972366799648906,629,3,gldm,False,False
exponential_gldm_DependenceNonUniformityNormalized,0.6513781067570497,629,3,gldm,False,False
exponential_gldm_DependenceVariance,0.31891118390197754,629,3,gldm,False,False
exponential_gldm_GrayLevelNonUniformity,0.3652905558122046,629,3,gldm,False,False
exponential_gldm_GrayLevelVariance,0.3186507894492086,629,3,gldm,False,False
exponential_gldm_HighGrayLevelEmphasis,0.546714994073225,629,3,gldm,False,False
exponential_gldm_LargeDependenceEmphasis,0.38677423231215285,629,3,gldm,False,False
exponential_gldm_LargeDependenceHighGrayLevelEmphasis,0.35045921471733166,629,3,gldm,False,False
exponential_gldm_LargeDependenceLowGrayLevelEmphasis,0.39842850405085345,629,3,gldm,False,False
exponential_gldm_LowGrayLevelEmphasis,0.8457951703752611,629,3,gldm,True,False
exponential_gldm_SmallDependenceEmphasis,0.38542089544082525,629,3,gldm,False,False
exponential_gldm_SmallDependenceHighGrayLevelEmphasis,0.19717230033116323,629,3,gldm,False,False
exponential_gldm_SmallDependenceLowGrayLevelEmphasis,0.22852272150000028,629,3,gldm,False,False
exponential_glrlm_GrayLevelNonUniformity,0.536129371050795,629,3,glrlm,False,False
exponential_glrlm_GrayLevelNonUniformityNormalized,0.8024017831066855,629,3,glrlm,True,False
exponential_glrlm_GrayLevelVariance,0.2943383854140365,629,3,glrlm,False,False
exponential_glrlm_HighGrayLevelRunEmphasis,0.45495644793141876,629,3,glrlm,False,False
exponential_glrlm_LongRunEmphasis,0.6145760245439466,629,3,glrlm,False,False
exponential_glrlm_LongRunHighGrayLevelEmphasis,0.5755786123599536,629,3,glrlm,False,False
exponential_glrlm_LongRunLowGrayLevelEmphasis,0.6205675249063685,629,3,glrlm,False,False
exponential_glrlm_LowGrayLevelRunEmphasis,0.816557463358361,629,3,glrlm,True,False
exponential_glrlm_RunEntropy,0.4058258945051549,629,3,glrlm,False,False
exponential_glrlm_RunLengthNonUniformity,0.8824484653196006,629,3,glrlm,True,False
exponential_glrlm_RunLengthNonUniformityNormalized,0.3690426272459513,629,3,glrlm,False,False
exponential_glrlm_RunPercentage,0.3926360857348635,629,3,glrlm,False,False
exponential_glrlm_RunVariance,0.46576443232123027,629,3,glrlm,False,False
exponential_glrlm_ShortRunEmphasis,0.45214016293863707,629,3,glrlm,False,False
exponential_glrlm_ShortRunHighGrayLevelEmphasis,0.4508143958842727,629,3,glrlm,False,False
exponential_glrlm_ShortRunLowGrayLevelEmphasis,0.3002668787070568,629,3,glrlm,False,False
exponential_glszm_GrayLevelNonUniformity,0.0851108536337871,629,3,glszm,False,False
exponential_glszm_GrayLevelNonUniformityNormalized,0.5056620660486177,629,3,glszm,False,False
exponential_glszm_GrayLevelVariance,0.08017913087972328,629,3,glszm,False,False
exponential_glszm_HighGrayLevelZoneEmphasis,0.17717353555434331,629,3,glszm,False,False
exponential_glszm_LargeAreaEmphasis,0.45578180898407283,629,3,glszm,False,False
exponential_glszm_LargeAreaHighGrayLevelEmphasis,0.45481834991329834,629,3,glszm,False,False
exponential_glszm_LargeAreaLowGrayLevelEmphasis,0.4560086653686191,629,3,glszm,False,False
exponential_glszm_LowGrayLevelZoneEmphasis,0.4072240810615457,629,3,glszm,False,False
exponential_glszm_SizeZoneNonUniformity,0.09115127052430513,629,3,glszm,False,False
exponential_glszm_SizeZoneNonUniformityNormalized,0.5665468487777301,629,3,glszm,False,False
exponential_glszm_SmallAreaEmphasis,0.22864768682032144,629,3,glszm,False,False
exponential_glszm_SmallAreaHighGrayLevelEmphasis,0.14081416792441448,629,3,glszm,False,False
exponential_glszm_SmallAreaLowGrayLevelEmphasis,0.21741232418647896,629,3,glszm,False,False
exponential_glszm_ZoneEntropy,0.4889892415930703,629,3,glszm,False,False
exponential_glszm_ZonePercentage,0.3275151066097956,629,3,glszm,False,False
exponential_glszm_ZoneVariance,0.13343837254696728,629,3,glszm,False,False
exponential_ngtdm_Busyness,0.9185488437552994,629,3,ngtdm,True,True
exponential_ngtdm_Coarseness,0.4550115365594629,629,3,ngtdm,False,False
exponential_ngtdm_Complexity,0.24482852553930148,629,3,ngtdm,False,False
exponential_ngtdm_Contrast,0.4643471475823058,629,3,ngtdm,False,False
exponential_ngtdm_Strength,0.2616821614334695,629,3,ngtdm,False,False
gradient_firstorder_10Percentile,0.8502388197236863,629,3,firstorder,True,False
gradient_firstorder_90Percentile,0.4143030262325683,629,3,firstorder,False,False
gradient_firstorder_Energy,0.15744958935993628,629,3,firstorder,False,False
gradient_firstorder_Entropy,0.3868681702962793,629,3,firstorder,False,False
gradient_firstorder_InterquartileRange,0.3820756345916063,629,3,firstorder,False,False
gradient_firstorder_Kurtosis,0.3150781316716312,629,3,firstorder,False,False
gradient_firstorder_Maximum,0.16044458062451852,629,3,firstorder,False,False
gradient_firstorder_MeanAbsoluteDeviation,0.3632753007167082,629,3,firstorder,False,False
gradient_firstorder_Mean,0.4352701924557835,629,3,firstorder,False,False
gradient_firstorder_Median,0.44277406083155224,629,3,firstorder,False,False
gradient_firstorder_Minimum,0.8755775464606457,629,3,firstorder,True,False
gradient_firstorder_Range,0.15419433055510048,629,3,firstorder,False,False
gradient_firstorder_RobustMeanAbsoluteDeviation,0.40334390126368447,629,3,firstorder,False,False
gradient_firstorder_RootMeanSquared,0.3803815282173258,629,3,firstorder,False,False
gradient_firstorder_Skewness,0.2368965968734959,629,3,firstorder,False,False
gradient_firstorder_TotalEnergy,0.15744958935993664,629,3,firstorder,False,False
gradient_firstorder_Uniformity,0.46288405727275006,629,3,firstorder,False,False
gradient_firstorder_Variance,0.26816740137787004,629,3,firstorder,False,False
gradient_glcm_Autocorrelation,0.5091695373364384,629,3,glcm,False,False
gradient_glcm_ClusterProminence,0.10679237771125054,629,3,glcm,False,False
gradient_glcm_ClusterShade,0.09806032603602005,629,3,glcm,False,False
gradient_glcm_ClusterTendency,0.26346240198083365,629,3,glcm,False,False
gradient_glcm_Contrast,0.46614463153256125,629,3,glcm,False,False
gradient_glcm_Correlation,0.5193030360876507,629,3,glcm,False,False
gradient_glcm_DifferenceAverage,0.5060812062813316,629,3,glcm,False,False
gradient_glcm_DifferenceEntropy,0.4382869958943274,629,3,glcm,False,False
gradient_glcm_DifferenceVariance,0.35172541339567254,629,3,glcm,False,False
gradient_glcm_Id,0.5541124350132721,629,3,glcm,False,False
gradient_glcm_Idm,0.5670963840724876,629,3,glcm,False,False
gradient_glcm_Idmn,0.5561617623113627,629,3,glcm,False,False
gradient_glcm_Idn,0.5293258417243781,629,3,glcm,False,False
gradient_glcm_Imc1,0.5095206225358089,629,3,glcm,False,False
gradient_glcm_Imc2,0.6609401257824079,629,3,glcm,False,False
gradient_glcm_InverseVariance,0.5437171052441488,629,3,glcm,False,False
gradient_glcm_JointAverage,0.5585833661414069,629,3,glcm,False,False
gradient_glcm_JointEnergy,0.4936222144933678,629,3,glcm,False,False
gradient_glcm_JointEntropy,0.37015168302150436,629,3,glcm,False,False
gradient_glcm_MCC,0.24609032800670122,629,3,glcm,False,False
gradient_glcm_MaximumProbability,0.6020847140302034,629,3,glcm,False,False
gradient_glcm_SumAverage,0.5585833661414069,629,3,glcm,False,False
gradient_glcm_SumEntropy,0.3513014819925822,629,3,glcm,False,False
gradient_glcm_SumSquares,0.3360247412900613,629,3,glcm,False,False
gradient_gldm_DependenceEntropy,0.21361958146000937,629,3,gldm,False,False
gradient_gldm_DependenceNonUniformity,0.22124610344884865,629,3,gldm,False,False
gradient_gldm_DependenceNonUniformityNormalized,0.8215752841984757,629,3,gldm,True,False
gradient_gldm_DependenceVariance,0.9354282654604178,629,3,gldm,True,True
gradient_gldm_GrayLevelNonUniformity,0.8478894536082623,629,3,gldm,True,False
gradient_gldm_GrayLevelVariance,0.2683253038787065,629,3,gldm,False,False
gradient_gldm_HighGrayLevelEmphasis,0.3577523988048367,629,3,gldm,False,False
gradient_gldm_LargeDependenceEmphasis,0.879428222850442,629,3,gldm,True,False
gradient_gldm_LargeDependenceHighGrayLevelEmphasis,0.512400095485154,629,3,gldm,False,False
gradient_gldm_LargeDependenceLowGrayLevelEmphasis,0.9285220320654269,629,3,gldm,True,True
gradient_gldm_LowGrayLevelEmphasis,0.7223623029775236,629,3,gldm,False,False
gradient_gldm_SmallDependenceEmphasis,0.7790048626189287,629,3,gldm,True,False
gradient_gldm_SmallDependenceHighGrayLevelEmphasis,0.3649415076591968,629,3,gldm,False,False
gradient_gldm_SmallDependenceLowGrayLevelEmphasis,0.3434170362954432,629,3,gldm,False,False
gradient_glrlm_GrayLevelNonUniformity,0.7992786221440771,629,3,glrlm,True,False
gradient_glrlm_GrayLevelNonUniformityNormalized,0.43346361268367317,629,3,glrlm,False,False
gradient_glrlm_GrayLevelVariance,0.2566307941706322,629,3,glrlm,False,False
gradient_glrlm_HighGrayLevelRunEmphasis,0.33912790010984506,629,3,glrlm,False,False
gradient_glrlm_LongRunEmphasis,0.8666166201521419,629,3,glrlm,True,False
gradient_glrlm_LongRunHighGrayLevelEmphasis,0.3290273927142643,629,3,glrlm,False,False
gradient_glrlm_LongRunLowGrayLevelEmphasis,0.8334118658438738,629,3,glrlm,True,False
gradient_glrlm_LowGrayLevelRunEmphasis,0.6823474890449133,629,3,glrlm,False,False
gradient_glrlm_RunEntropy,0.257260150915715,629,3,glrlm,False,False
gradient_glrlm_RunLengthNonUniformity,0.2465302126721892,629,3,glrlm,False,False
gradient_glrlm_RunLengthNonUniformityNormalized,0.8145044031536253,629,3,glrlm,True,False
gradient_glrlm_RunPercentage,0.8383307005919667,629,3,glrlm,True,False
gradient_glrlm_RunVariance,0.890760941901104,629,3,glrlm,True,False
gradient_glrlm_ShortRunEmphasis,0.8139180950706496,629,3,glrlm,True,False
gradient_glrlm_ShortRunHighGrayLevelEmphasis,0.34044788649111773,629,3,glrlm,False,False
gradient_glrlm_ShortRunLowGrayLevelEmphasis,0.6345130780808473,629,3,glrlm,False,False
gradient_glszm_GrayLevelNonUniformity,0.42419582394564526,629,3,glszm,False,False
gradient_glszm_GrayLevelNonUniformityNormalized,0.3867173231501536,629,3,glszm,False,False
gradient_glszm_GrayLevelVariance,0.17656115699117422,629,3,glszm,False,False
gradient_glszm_HighGrayLevelZoneEmphasis,0.19911617794982694,629,3,glszm,False,False
gradient_glszm_LargeAreaEmphasis,0.9022063227205396,629,3,glszm,True,True
gradient_glszm_LargeAreaHighGrayLevelEmphasis,0.8375854462763617,629,3,glszm,True,False
gradient_glszm_LargeAreaLowGrayLevelEmphasis,0.9004122772545322,629,3,glszm,True,True
gradient_glszm_LowGrayLevelZoneEmphasis,0.41269419626584974,629,3,glszm,False,False
gradient_glszm_SizeZoneNonUniformity,0.34610704791041774,629,3,glszm,False,False
gradient_glszm_SizeZoneNonUniformityNormalized,0.6168612537124415,629,3,glszm,False,False
gradient_glszm_SmallAreaEmphasis,0.5717730012827795,629,3,glszm,False,False
gradient_glszm_SmallAreaHighGrayLevelEmphasis,0.19500288252480102,629,3,glszm,False,False
gradient_glszm_SmallAreaLowGrayLevelEmphasis,0.41336360166198743,629,3,glszm,False,False
gradient_glszm_ZoneEntropy,0.2863565302650695,629,3,glszm,False,False
gradient_glszm_ZonePercentage,0.7873126420991505,629,3,glszm,True,False
gradient_glszm_ZoneVariance,0.9068637073875842,629,3,glszm,True,True
gradient_ngtdm_Busyness,0.6753480286873351,629,3,ngtdm,False,False
gradient_ngtdm_Coarseness,0.3116023466370798,629,3,ngtdm,False,False
gradient_ngtdm_Complexity,0.16098259392670208,629,3,ngtdm,False,False
gradient_ngtdm_Contrast,0.6313038694854595,629,3,ngtdm,False,False
gradient_ngtdm_Strength,0.2973918676919449,629,3,ngtdm,False,False
